airport,lat,lon
PANC,61.17440033,-149.9960022
PHNL,21.32062,-157.924228
KAAA,40.15869904,-89.33499908
KAAF,29.72750092,-85.02749634
KAAO,37.74760056,-97.22109985
KAAP,29.7225,-95.588303
KAAS,37.35829926,-85.30940247
KAAT,41.48300171,-120.5650024
KABE,40.65209961,-75.44080353
KABI,32.41130066,-99.68190002
KABQ,35.040199,-106.609001
KABR,45.44910049,-98.42179871
KABY,31.53549957,-84.19450378
KACB,44.988602,-85.198402
KACJ,32.110802,-84.188904
KACK,41.25310135,-70.06020355
KACP,30.75029945,-92.68830109
KACQ,44.07350159,-93.55290222
KACT,31.61129951,-97.23049927
KACV,40.978101,-124.109
KACY,39.45759964,-74.57720184
KACZ,34.71789932,-78.00360107
KADC,46.45029831,-95.21099854
KADG,41.86769867,-84.07730103
KADH,34.804298,-96.671303
KADM,34.30301,-97.0196342
KADS,32.96860123,-96.83640289
KADT,39.84009933,-101.0419998
KADU,41.70140076,-94.92050171
KADW,38.810799,-76.866997
KAE,56.973,-133.945999
KAEG,35.14519882,-106.7949982
KAEJ,38.81420135,-106.1210022
KAEL,43.68149948,-93.36720276
KAEX,31.32740021,-92.54979706
KAFF,38.96969986,-104.8130035
KAFJ,40.13650131,-80.29019928
KAFK,40.60689926,-95.86569977
KAFN,42.80509949,-72.00299835
KAFO,42.71120071,-110.9420013
KAFP,35.020599,-80.077103
KAFW,32.98759842,-97.31880188
KAGC,40.35440063,-79.93019867
KAGO,33.228001,-93.217002
KAGR,27.65060043,-81.34940338
KAGS,33.36989975,-81.96450043
KAGZ,43.06330109,-98.29620361
KAHC,40.26620102,-120.1529999
KAHH,45.28110123,-92.37539673
KAHN,33.94860077,-83.32630157
KAHQ,41.24129868,-96.59400177
KAIA,42.05319977,-102.8040009
KAIB,38.23880005,-108.5630035
KAID,40.10860062,-85.61299896
KAIG,45.15420151,-89.11070251
KAIK,33.649399,-81.684998
KAIO,41.40729904,-95.04689789
KAIT,46.54840088,-93.67680359
KAIV,33.106499,-88.1978
KAIY,39.36000061,-74.45610046
KAIZ,38.09600067,-92.54949951
KAJG,38.60649872,-87.72669983
KAJO,33.89770126,-117.6019974
KAJR,34.49990082,-83.55670166
KAJZ,38.78639984,-108.064003
KAKH,35.202598,-81.149902
KAKO,40.17559814,-103.2220001
KAKQ,36.98720169,-77.00109863
KAKR,41.03749847,-81.46690369
KALB,42.74829865,-73.80169678
KALI,27.74090004,-98.02690125
KALM,32.83990097,-105.9909973
KALN,38.89030075,-90.04599762
KALO,42.55709839,-92.40029907
KALS,37.434898,-105.866997
KALW,46.09489822,-118.288002
KALX,32.91469955,-85.96299744
KAMA,35.219398,-101.706001
KAMG,31.53610039,-82.50659943
KAMN,43.32210159,-84.68800354
KAMT,38.85150146,-83.56629944
KAMW,41.992001,-93.621803
KANB,33.5882,-85.8581
KAND,34.49459839,-82.70939636
KANE,45.145,-93.211401
KANJ,46.47919846,-84.36840057
KANK,38.5383,-106.049004
KANP,38.942902,-76.568398
KANQ,41.639702,-85.083504
KANW,42.579201,-99.992995
KANY,37.158501,-98.079597
KAOC,43.6035,-113.334
KAOH,40.706902,-84.026703
KAOO,40.29639816,-78.31999969
KAOV,36.97190094,-92.68190002
KAPA,39.57009888,-104.848999
KAPC,38.2132,-122.280998
KAPF,26.15259933,-81.77529907
KAPG,39.466202,-76.1688
KAPH,38.068902,-77.318298
KAPN,45.0780983,-83.56030273
KAPT,35.060699,-85.585297
KAPV,34.57529831,-117.185997
KAPY,26.96879959,-99.24890137
KAQO,30.78370094,-98.66200256
KAQP,45.22750092,-96.00430298
KAQR,34.39830017,-96.14810181
KAQW,42.69589996,-73.17040253
KARA,30.0378,-91.883904
KARB,42.22299957,-83.74559784
KARG,36.124667,-90.925111
KARM,29.25429916,-96.15440369
KARR,41.77190018,-88.47570038
KART,43.9919014,-76.021698
KARV,45.92789841,-89.73090363
KARW,32.41220093,-80.63439941
KASD,30.3451004,-89.82080078
KASE,39.22320175,-106.8690033
KASG,36.17639923,-94.11930084
KASH,42.78170013,-71.51480103
KASJ,36.29750061,-77.17089844
KASL,32.52050018,-94.30780029
KASN,33.56990051,-86.05090332
KAST,46.15800095,-123.8789978
KASW,41.27470016,-85.84010315
KASX,46.54850006,-90.91899872
KASY,46.02389908,-99.3526001
KATA,33.10179901,-94.19529724
KATL,33.6367,-84.428101
KATS,32.85250092,-104.4680023
KATW,44.2580986,-88.51909637
KATY,44.91400146,-97.15470123
KAUG,44.3205986,-69.79730225
KAUH,40.89410019,-97.99459839
KAUM,43.66500092,-92.93340302
KAUN,38.95479965,-121.0820007
KAUO,32.615101,-85.433998
KAUS,30.19449997,-97.66989899
KAUW,44.92620087,-89.62660217
KAVC,36.68830109,-78.05449677
KAVK,36.77320099,-98.66989899
KAVL,35.43619919,-82.54180145
KAVO,27.59119987,-81.52780151
KAVP,41.33850098,-75.7233963
KAVQ,32.4095993,-111.2180023
KAVX,33.4049,-118.416
KAWG,41.27610016,-91.67340088
KAWM,35.13510132,-90.23439789
KAWO,48.16070175,-122.1589966
KAXA,43.07789993,-94.27200317
KAXH,29.5060997,-95.47689819
KAXN,45.86629868,-95.3946991
KAXQ,41.22579956,-79.44100189
KAXS,34.697952,-99.3385
KAXV,40.49340057,-84.29889679
KAXX,36.42200089,-105.2900009
KAYE,42.56999969,-71.60279846
KAYS,31.24909973,-82.39550018
KAYX,35.39260101,-86.08580017
KAZC,36.9598999,-113.0139999
KAZE,31.88470078,-82.6473999
KAZO,42.23490143,-85.55210114
KB16,43.08029938,-76.53839874
KB19,43.46409988,-70.47239685
KB21,45.08620071,-70.21620178
KBAB,39.13610077,-121.4369965
KBAD,32.50180054,-93.66269684
KBAF,42.157799,-72.715599
KBAK,39.26190186,-85.89630127
KBAM,40.59899902,-116.8740005
KBAX,43.78020096,-82.98539734
KBAZ,29.7045002,-98.04219818
KBBB,45.33190155,-95.65059662
KBBD,31.17930031,-99.32389832
KBBP,34.62170029,-79.73439789
KBBW,41.43650055,-99.64219666
KBCB,37.20759964,-80.40779877
KBCE,37.70640183,-112.1449966
KBCK,44.2507019,-90.8553009
KBCT,26.37849998,-80.10769653
KBDE,48.72840118,-94.61219788
KBDG,37.58330154,-109.4830017
KBDJ,46.13740158,-89.64600372
KBDL,41.93889999,-72.68319702
KBDN,44.09479904,-121.2009964
KBDQ,35.13619995,-92.71350098
KBDR,41.16350174,-73.12619781
KBDU,40.03939819,-105.2259979
KBDX,45.43330002,-105.4169998
KBE,55.92910004,-131.5720062
KBEA,28.36190033,-97.79100037
KBEC,37.69449997,-97.21499634
KBED,42.47000122,-71.28900146
KBEH,42.12860107,-86.42849731
KBFA,45.16579819,-84.92410278
KBFD,41.80310059,-78.64009857
KBFE,33.17309952,-102.1930008
KBFF,41.87400055,-103.5960007
KBFI,47.52999878,-122.302002
KBFK,36.86330032,-99.61869812
KBFL,35.43360138,-119.0569992
KBFM,30.62680054,-88.06809998
KBFR,38.84000015,-86.44539642
KBFW,47.24900055,-91.41560364
KBGD,35.70090103,-101.3939972
KBGE,30.9715004,-84.63739777
KBGF,35.17750168,-86.06620026
KBGM,42.20869827,-75.97979736
KBGR,44.80739975,-68.82810211
KBHB,44.45000076,-68.3615036
KBHC,31.71380043,-82.39379883
KBHK,46.347599,-104.259002
KBHM,33.56290054,-86.75350189
KBID,41.16809845,-71.57779694
KBIE,40.30130005,-96.75409698
KBIF,31.84950066,-106.3799973
KBIH,37.37310028,-118.3639984
KBIJ,31.39749908,-84.89479828
KBIL,45.80770111,-108.5429993
KBIS,46.77270126,-100.7460022
KBIV,42.74290085,-86.10739899
KBIX,30.41040039,-88.92440033
KBJC,39.90879822,-105.1169968
KBJI,47.50939941,-94.93370056
KBJJ,40.87480164,-81.88829803
KBKD,32.71900177,-98.89099884
KBKE,44.83729935,-117.8089981
KBKF,39.7016983,-104.7519989
KBKL,41.51750183,-81.6832962
KBKN,36.74509811,-97.34960175
KBKS,27.20680046,-98.12120056
KBKT,37.07419968,-77.95749664
KBKV,28.47360039,-82.45539856
KBKW,37.78730011,-81.12419891
KBKX,44.304798,-96.816902
KBLF,37.29579926,-81.20770264
KBLH,33.61920166,-114.7170029
KBLI,48.7928009,-122.538002
KBLM,40.18690109,-74.12490082
KBLU,39.27500153,-120.7099991
KBLV,38.5452,-89.835197
KBMC,41.552399,-112.061996
KBMG,39.14599991,-86.61669922
KBMI,40.47710037,-88.91590118
KBML,44.57540131,-71.17590332
KBMQ,30.73889923,-98.23860168
KBMT,30.07069969,-94.21579742
KBNA,36.12450027,-86.67819977
KBNG,33.92309952,-116.8509979
KBNL,33.25780106,-81.38829803
KBNO,43.59189987,-118.9550018
KBNW,42.04959869,-93.84760284
KBOI,43.5644,-116.223
KBOS,42.36429977,-71.00520325
KBOW,27.943399,-81.783401
KBPG,32.212601,-101.522003
KBPI,42.58509827,-110.1110001
KBPK,36.3689003,-92.47049713
KBPP,46.187,-103.428001
KBPT,29.95079994,-94.02069855
KBQK,31.25880051,-81.46649933
KBQP,32.75510025,-91.88189697
KBQR,42.92229843,-78.61229706
KBRD,46.39830017,-94.13809967
KBRL,40.78319931,-91.12550354
KBRO,25.90679932,-97.42590332
KBRY,37.81430054,-85.49960327
KBST,44.40940094,-69.01190186
KBTA,41.41809845,-96.11360168
KBTF,40.86940002,-111.927002
KBTL,42.30730057,-85.25150299
KBTM,45.95479965,-112.4970016
KBTN,45.81520081,-97.74310303
KBTP,40.776901,-79.949699
KBTR,30.533199,-91.149597
KBTV,44.47190094,-73.15329742
KBTY,36.86109924,-116.7870026
KBUB,41.77669907,-99.14969635
KBUF,42.94049835,-78.73220062
KBUM,38.28979874,-94.34010315
KBUR,34.20069885,-118.3590012
KBUU,42.69070053,-88.30460358
KBUY,36.04850006,-79.47489929
KBVI,40.77249908,-80.3914032
KBVN,41.72859955,-98.05580139
KBVO,36.76250076,-96.01119995
KBVS,48.47090149,-122.4209976
KBVX,35.7262001,-91.64730072
KBVY,42.58420181,-70.91649628
KBWC,32.99290085,-115.5169983
KBWD,31.79360008,-98.95649719
KBWG,36.96450043,-86.41970062
KBWI,39.1754,-76.668297
KBWP,46.24409866,-96.60739899
KBWW,46.1655193,-103.30075
KBXA,30.81369972,-89.86499786
KBXG,33.04130173,-82.00270081
KBXK,33.42039871,-112.685997
KBYG,44.3810997,-106.7220001
KBYH,35.96429825,-89.94400024
KBYI,42.54259872,-113.7720032
KBYS,35.2804985,-116.6299973
KBYY,28.97330093,-95.8635025
KBZN,45.77750015,-111.1529999
KC02,42.614899,-88.389603
KC03,41.44620132,-85.93479919
KC04,43.64170074,-86.32920074
KC08,38.01110077,-105.3730011
KC09,41.42539978,-88.41870117
KC15,40.48820114,-89.67590332
KC16,40.14640045,-88.19850159
KC17,42.03110123,-91.52929688
KC20,41.9516983,-86.36769867
KC22,34.15990067,-85.63510132
KC24,37.82080078,-106.9309998
KC27,42.49330139,-91.49849701
KC29,43.11429977,-89.53150177
KC35,43.52590179,-89.98320007
KC47,43.56029892,-89.48290253
KC62,41.47269821,-85.26080322
KC65,41.36510086,-86.30049896
KC71,31.29599953,-91.05290222
KC73,41.83369827,-89.44619751
KC74,42.70420074,-90.96459961
KC75,41.01929855,-89.38639832
KC77,42.32289886,-88.83630371
KC80,36.1631012,-120.2939987
KC81,42.32460022,-88.07409668
KC83,37.82839966,-121.6259995
KC91,41.99290085,-86.12799835
KCAD,44.27529907,-85.41889954
KCAE,33.93880081,-81.11949921
KCAG,40.49520111,-107.5220032
KCAK,40.91609955,-81.44219971
KCAO,36.44620132,-103.1669998
KCAR,46.87149811,-68.01789856
KCAV,42.7419014,-93.7589035
KCBE,39.61539841,-78.7609024
KCBF,41.25920105,-95.76059723
KCBG,45.55749893,-93.2641983
KCBK,39.42750168,-101.0469971
KCBM,33.64379883,-88.44380188
KCC,56.00320053,-132.8419952
KCCA,35.59780121,-92.45159912
KCCB,34.11159897,-117.6880035
KCCO,33.31159973,-84.76979828
KCCR,37.98970032,-122.0569992
KCCY,43.07260132,-92.6108017
KCDA,44.56909943,-72.01799774
KCDC,37.70100021,-113.098999
KCDH,33.62279892,-92.76339722
KCDI,39.97499847,-81.57759857
KCDN,34.28359985,-80.56490326
KCDR,42.83760071,-103.0950012
KCDS,34.43379974,-100.288002
KCDW,40.87519836,-74.28140259
KCEA,37.64860153,-97.25060272
KCEC,41.78020096,-124.2369995
KCEF,42.19400024,-72.53479767
KCEK,40.61790085,-96.92489624
KCEU,34.6719017,-82.8864975
KCEV,39.69850159,-85.12969971
KCEW,30.77879906,-86.52210236
KCEY,36.66460037,-88.37280273
KCEZ,37.3030014,-108.6279984
KCFD,30.71570015,-96.33139801
KCFE,45.1590004,-93.84329987
KCFJ,39.975602,-86.919899
KCFS,43.45880127,-83.44550323
KCFT,32.95280075,-109.2099991
KCFV,37.09400177,-95.57189941
KCG,56.317643,-158.589706
KCGC,28.86730003,-82.57129669
KCGE,38.53929901,-76.03040314
KCGF,41.56510162,-81.48639679
KCGI,37.22529984,-89.57080078
KCGS,38.98059845,-76.92230225
KCGX,41.85879898,-87.60790253
KCGZ,32.954899,-111.766998
KCHA,35.03530121,-85.20379639
KCHC,41.53860092,-84.13310242
KCHD,33.2691,-111.810997
KCHK,35.09740067,-97.96769714
KCHN,27.51490021,-81.88050079
KCHO,38.1385994,-78.45290375
KCHQ,36.84209824,-89.35970306
KCHS,32.89860153,-80.04049683
KCHT,39.78219986,-93.49569702
KCHU,43.59640121,-91.50389862
KCIC,39.79539871,-121.8580017
KCID,41.88470078,-91.71080017
KCII,47.82830048,-112.1679993
KCIN,42.0461998,-94.78900146
KCIR,37.0644989,-89.21959686
KCIU,46.25080109,-84.47239685
KCJR,38.52669907,-77.85890198
KCKA,36.7439003,-98.12310028
KCKB,39.29660034,-80.22810364
KCKC,47.8382988,-90.38289642
KCKF,31.98880005,-83.77390289
KCKI,33.71720123,-79.85700226
KCKM,34.29970169,-90.51229858
KCKN,47.84170151,-96.62159729
KCKP,42.7317009,-95.55590057
KCKV,36.62189865,-87.41500092
KCKZ,40.3891983,-75.29049683
KCL,56.31119919,-158.5359955
KCLE,41.4117012,-81.84980011
KCLI,44.61380005,-88.73130035
KCLK,35.53829956,-98.93270111
KCLL,30.58860016,-96.36380005
KCLM,48.12020111,-123.5
KCLR,33.13150024,-115.5210037
KCLS,46.67699814,-122.9830017
KCLT,35.2140007,-80.94309998
KCLW,27.97669983,-82.75869751
KCMA,34.21369934,-119.0940018
KCMH,39.998001,-82.891899
KCMI,40.03919983,-88.27809906
KCMR,35.3022,-112.194
KCMX,47.16839981,-88.4890976
KCMY,43.958302,-90.7379
KCN,53.40289934,-167.5202715
KCNB,44.72949982,-96.26599884
KCNC,41.01959991,-93.35970306
KCNH,43.37039948,-72.36869812
KCNK,39.54930115,-97.65229797
KCNM,32.33750153,-104.2630005
KCNO,33.97470093,-117.637001
KCNP,41.07749939,-102.4639969
KCNU,37.66880035,-95.48509979
KCNW,31.63780022,-97.07409668
KCNY,38.75500107,-109.7549973
KCOD,44.52019882,-109.0240021
KCOE,47.77429962,-116.8199997
KCOF,28.23489952,-80.61009979
KCOI,28.34160042,-80.6855011
KCOM,31.84110069,-99.4036026
KCON,43.20270157,-71.50229645
KCOQ,46.7010994,-92.50360107
KCOS,38.805801,-104.700996
KCOT,28.45669937,-99.22029877
KCOU,38.8181,-92.219597
KCPC,34.27289963,-78.71499634
KCPK,36.66559982,-76.3207016
KCPM,33.88999939,-118.2440033
KCPR,42.908001,-106.463997
KCPS,38.5707016,-90.15619659
KCPT,32.353802,-97.433701
KCPU,38.14609909,-120.6480026
KCQA,40.48410034,-84.56009674
KCQB,35.72380066,-96.82029724
KCQM,47.82189941,-92.68939972
KCQW,34.71289825,-79.95700073
KCQX,41.68840027,-69.98950195
KCR,63.56769943,-155.9889984
KCRE,33.81169891,-78.72389984
KCRG,30.3362999,-81.51439667
KCRO,36.102502,-119.595001
KCRP,27.77039909,-97.50119781
KCRQ,33.12829971,-117.2799988
KCRS,32.02809906,-96.40059662
KCRT,33.17829895,-91.88020325
KCRW,38.37310028,-81.59320068
KCRX,34.91500092,-88.60350037
KCRZ,40.99409866,-94.75499725
KCSB,40.30659866,-100.1620026
KCSG,32.5163002,-84.93890381
KCSM,35.33980179,-99.20050049
KCSQ,41.02140045,-94.36329651
KCSV,35.95130157,-85.08499908
KCTB,48.60839844,-112.3759995
KCTJ,33.63100052,-85.15200043
KCTK,40.56909943,-90.07479858
KCTY,29.63549995,-83.10479736
KCTZ,34.9756012,-78.36460114
KCUB,33.97050095,-80.99520111
KCUH,35.94990158,-96.77310181
KCUL,38.08950043,-88.12310028
KCUT,43.73329926,-103.6179962
KCVB,29.34189987,-98.85089874
KCVG,39.04880142,-84.6678009
KCVK,36.26490021,-91.56259918
KCVN,34.42509842,-103.0790024
KCVO,44.49720001,-123.2900009
KCVS,34.38280106,-103.3219986
KCVX,45.30479813,-85.27480316
KCWA,44.77759933,-89.66680145
KCWC,33.85779953,-98.49040222
KCWF,30.2105999,-93.14320374
KCWI,41.83110046,-90.32910156
KCWN,44.02000046,-71.11000061
KCWS,35.080799,-92.425003
KCWV,32.19509888,-81.86959839
KCXE,36.78829956,-78.50160217
KCXL,32.66949844,-115.5130005
KCXO,30.351801,-95.414497
KCXP,39.19219971,-119.7340012
KCXU,31.21290016,-84.23680115
KCXW,35.0198889,-92.5551111
KCXY,40.21709824,-76.85150146
KCYO,39.51599884,-82.98210144
KCYS,41.15570068,-104.8119965
KCYW,39.3871,-97.157204
KCZD,40.86909866,-100.0039978
KCZG,42.078499,-76.096296
KCZL,34.45539856,-84.93920135
KCZT,28.52219963,-99.82360077
KD00,47.26050186,-96.40029907
KD02,43.29249954,-92.79599762
KD05,47.65589905,-101.4369965
KD07,45.03609848,-102.0199966
KD09,48.83039856,-100.4169998
KD11,43.72000122,-85.00279999
KD14,47.55189896,-96.29190063
KD17,38.75749969,-108.1480026
KD23,42.56669998,-78.42610168
KD25,46.12200165,-89.88230133
KD31,48.28499985,-99.40350342
KD37,48.19110107,-96.71109772
KD39,45.70660019,-94.93340302
KD42,44.23109818,-94.99890137
KD50,48.92850113,-103.2969971
KD54,46.9007988,-96.91870117
KD55,48.75299835,-98.39330292
KD56,47.47499847,-97.33370209
KD57,46.81280136,-101.8600006
KD60,48.38050079,-102.8980026
KD64,48.91339874,-101.0329971
KD68,34.131101,-109.310255
KD73,33.782398,-83.692903
KD74,38.84840012,-75.61239624
KD83,39.01269913,-123.3830032
KD86,36.44860077,-119.3190002
KD95,43.0666008,-83.27230072
KD98,42.79610062,-82.97499847
KDAA,38.71500015,-77.18099976
KDAB,29.179899,-81.058098
KDAF,44.03340149,-90.08509827
KDAG,34.85369873,-116.7870026
KDAL,32.847099,-96.851799
KDAN,36.57289886,-79.33609772
KDAW,43.28409958,-70.9292984
KDAY,39.90240097,-84.2193985
KDBN,32.56439972,-82.98529816
KDBQ,42.40200043,-90.70950317
KDCA,38.8521,-77.037697
KDCM,34.78929901,-81.19580078
KDCU,34.65269852,-86.94539642
KDCY,38.70040131,-87.12969971
KDDC,37.76340103,-99.96559906
KDDH,42.8913002,-73.24639893
KDEC,39.83459854,-88.86569977
KDED,29.06699944,-81.28379822
KDEH,43.27550125,-91.73940277
KDEN,39.86169815,-104.6729965
KDEQ,34.04700089,-94.3993988
KDET,42.40919876,-83.00990295
KDEW,47.96659851,-117.427002
KDFI,41.33750153,-84.42880249
KDFW,32.896801,-97.038002
KDGL,31.34259987,-109.5059967
KDGW,42.79719925,-105.3860016
KDHN,31.32130051,-85.44960022
KDHT,36.02259827,-102.5469971
KDIJ,43.742401,-111.098
KDIK,46.79740143,-102.802002
KDKB,41.93370056,-88.70570374
KDKK,42.49330139,-79.27200317
KDKR,31.306999,-95.403801
KDKX,35.96390152,-83.87390137
KDLC,34.44910049,-79.36859894
KDLF,29.359501,-100.778002
KDLH,46.84209824,-92.19360352
KDLL,43.52270126,-89.77020264
KDLN,45.25540161,-112.5530014
KDLO,35.74560165,-119.2369995
KDLS,45.61849976,-121.1669998
KDLZ,40.27970123,-83.1147995
KDMA,32.16650009,-110.8830032
KDMN,32.26229858,-107.7210007
KDMO,38.70740128,-93.17590332
KDMW,39.60829926,-77.00769806
KDNL,33.46649933,-82.03939819
KDNN,34.72290039,-84.87020111
KDNS,41.9864006,-95.38069916
KDNV,40.19919968,-87.59590149
KDOV,39.12950134,-75.46600342
KDPA,41.90779877,-88.24859619
KDPG,40.19940186,-112.9369965
KDPL,35.00009918,-77.98169708
KDQH,31.47669983,-82.86049652
KDRA,36.6194,-116.032997
KDRI,30.83169937,-93.33989716
KDRM,46.00930023,-83.74389648
KDRO,37.1515007,-107.7539978
KDRP,35.1200556,-90.8265
KDRT,29.37420082,-100.927002
KDSM,41.5340004,-93.6631012
KDSV,42.57089996,-77.71309662
KDTA,39.38059998,-112.5080032
KDTL,46.82519913,-95.88569641
KDTN,32.54019928,-93.74500275
KDTO,33.20069885,-97.19799805
KDTS,30.40010071,-86.47149658
KDTW,42.21239853,-83.35340118
KDUA,33.94229889,-96.39450073
KDUC,34.47090149,-97.9598999
KDUG,31.46899986,-109.6039963
KDUH,41.73590088,-83.65540314
KDUJ,41.17829895,-78.8986969
KDUX,35.85789871,-102.0130005
KDVK,37.57789993,-84.7696991
KDVL,48.11420059,-98.90879822
KDVN,41.61029816,-90.58830261
KDVO,38.14360046,-122.5559998
KDVP,43.98680115,-95.7826004
KDVT,33.68830109,-112.0830002
KDWA,38.57910156,-121.8570023
KDWF,39.78,-84.10444444
KDWH,30.0618,-95.55280304
KDWU,38.55450058,-82.73799896
KDXE,36.77750015,-89.94120026
KDXR,41.37149811,-73.48220062
KDXX,44.98619843,-96.17769623
KDYA,32.46379852,-87.95410156
KDYB,33.0634,-80.279297
KDYL,40.33300018,-75.12229919
KDYR,35.9980011,-89.40660095
KDYS,32.42079926,-99.854599
KDYT,46.72190094,-92.04340363
KDZB,30.52709961,-98.35870361
KDZJ,34.85509872,-83.99690247
KE01,31.58250046,-102.9089966
KE05,32.66109848,-107.197998
KE06,32.95389938,-103.4089966
KE11,32.33110046,-102.5299988
KE13,31.4151001,-102.362999
KE14,36.02999878,-106.0459976
KE16,37.08160019,-121.5970001
KE19,36.2336998,-101.4319992
KE24,33.8125,-109.9869995
KE25,33.96889877,-112.7990036
KE26,32.1310997,-103.1549988
KE30,31.67449951,-99.97699738
KE34,34.91149902,-100.8690033
KE35,31.51569939,-106.1470032
KE38,30.38419914,-103.6839981
KE41,31.19890022,-101.4729996
KE42,36.22100067,-101.1949997
KE45,37.86169815,-120.1780014
KE48,31.12509918,-102.2249985
KE51,34.59590149,-113.1699982
KE52,35.23199844,-102.3990021
KE57,32.97510147,-102.8420029
KE60,32.80699921,-111.586998
KE63,32.95809937,-112.6780014
KE67,33.04759979,-110.9089966
KE77,32.63650131,-110.6470032
KE78,31.93289948,-111.8939972
KE80,34.645198,-106.834
KE89,35.36439896,-104.1819992
KE91,36.11090088,-109.5749969
KE95,31.99970055,-110.3570023
KE98,34.75979996,-106.7450027
KEAG,42.70980072,-93.91609955
KEAN,42.0555,-104.929001
KEAR,40.72700119,-99.00679779
KEAT,47.39889908,-120.2070007
KEAU,44.86579895,-91.48429871
KEB,59.35210037,-151.9250031
KEBD,37.6818,-82.1221
KEBG,26.44169998,-98.12220001
KEBS,42.43659973,-93.86889648
KEBY,48.3704528,-124.5981194
KECG,36.26060104,-76.17459869
KECP,30.357106,-85.795414
KECS,43.885399,-104.318001
KECU,29.94689941,-100.1740036
KEDC,30.3974931,-97.5663935
KEDE,36.02769852,-76.56710052
KEDG,39.39160156,-76.29109955
KEDJ,40.37229919,-83.81900024
KEDN,31.29969978,-85.89990234
KEDU,38.53150177,-121.7860031
KEDW,34.905399,-117.884003
KEED,34.7663002,-114.6230011
KEEN,42.89839935,-72.27079773
KEEO,40.04880142,-107.8860016
KEET,33.17699814,-86.78279877
KEFC,44.73419952,-103.8619995
KEFD,29.6072998,-95.15879822
KEFK,44.888802,-72.229202
KEFT,42.61489868,-89.5904007
KEFW,42.0102005,-94.34259796
KEGE,39.64260101,-106.9179993
KEGI,30.65040016,-86.52290344
KEGQ,43.10200119,-94.70469666
KEGT,37.32360077,-97.38829803
KEGV,45.93230057,-89.26830292
KEHA,37.000702,-101.879997
KEHO,35.25559998,-81.60099792
KEHR,37.80780029,-87.68569946
KEHT,41.75419998,-72.62470245
KEIK,40.0102005,-105.0479965
KEIW,36.53530121,-89.59970093
KEK,59.35680008,-157.470993
KEKA,40.80339813,-124.112999
KEKM,41.7193985,-86.00319672
KEKN,38.88940048,-79.85710144
KEKO,40.82490158,-115.7919998
KEKQ,36.8553009,-84.85610199
KEKS,45.271801,-111.649002
KEKX,37.68600082,-85.92500305
KEKY,33.31290054,-86.92590332
KELA,29.60059929,-96.32189941
KELD,33.22100067,-92.81330109
KELK,35.43080139,-99.39430237
KELM,42.15990067,-76.89160156
KELN,47.03300095,-120.5309982
KELO,47.82450104,-91.83070374
KELP,31.80719948,-106.3779984
KELY,39.29970169,-114.8420029
KELZ,42.10950089,-77.98999786
KEMM,41.82410049,-110.5569992
KEMP,38.33209991,-96.19120026
KEMT,34.086102,-118.035004
KEMV,36.68690109,-77.48280334
KEND,36.33919907,-97.91649628
KENL,38.51509857,-89.0911026
KENV,40.71870041,-114.0309982
KENW,42.59569931,-87.92780304
KEOE,34.30929947,-81.63970184
KEOK,40.4598999,-91.42849731
KEOP,39.16690063,-82.92819977
KEOS,36.81079865,-94.39170074
KEPH,47.30759811,-119.5159988
KEPM,44.91009903,-67.01270294
KEQA,37.77410126,-96.81759644
KEQY,35.01879883,-80.62020111
KERI,42.08312701,-80.17386675
KERR,44.79249954,-71.16419983
KERV,29.97669983,-99.08570099
KERY,46.31119919,-85.45729828
KESC,45.72269821,-87.09369659
KESF,31.39489937,-92.29579926
KESN,38.80419922,-76.06900024
KEST,43.40739822,-94.74639893
KESW,47.25419998,-121.185997
KETB,43.42219925,-88.12789917
KETC,35.93709946,-77.54660034
KETH,45.7804985,-96.54350281
KETN,32.41350174,-98.80979919
KEUF,31.95129967,-85.12889862
KEUG,44.12459946,-123.211998
KEUL,43.64189911,-116.6360016
KEVB,29.0557003,-80.94889832
KEVM,47.42509842,-92.49849701
KEVU,40.35250092,-94.91500092
KEVV,38.03699875,-87.53240204
KEVW,41.27479935,-111.0350037
KEVY,39.520401,-75.72039795
KEWB,41.67610168,-70.95690155
KEWK,38.05820084,-97.27449799
KEWN,35.07300186,-77.04290009
KEWR,40.69250107,-74.16870117
KEXX,35.78110123,-80.30380249
KEYE,39.83069992,-86.29440308
KEYF,34.60179901,-78.57929993
KEYQ,29.9352,-95.639603
KEYW,24.55610085,-81.75959778
KEZF,38.26679993,-77.44920349
KEZI,41.2052002,-89.96389771
KEZM,32.21419907,-83.12799835
KEZS,44.78699875,-88.55899811
KEZZ,39.7276001,-94.27639771
KF00,33.6128,-96.179298
KF01,34.277101,-99.7593
KF02,45.725444,-107.613551
KF05,34.22570038,-99.28379822
KF06,34.844033,-100.192838
KF08,35.298043,-95.627378
KF10,35.4068985,-96.01580048
KF14,33.947701,-98.616699
KF17,31.8316,-94.156403
KF21,34.73960114,-100.5299988
KF22,36.38560104,-97.27719879
KF24,32.646,-93.298103
KF29,35.48809814,-97.82360077
KF30,34.5245018,-96.98970032
KF31,33.99100113,-96.64279938
KF32,34.2492981,-97.47389984
KF34,36.86000061,-120.4639969
KF35,32.9231987,-98.43640137
KF36,35.29759979,-98.9673996
KF37,33.64889908,-105.8960037
KF41,32.32970047,-96.66390228
KF43,33.19120026,-92.66320038
KF44,32.16379929,-95.82839966
KF45,26.84440041,-80.22129822
KF46,32.93059921,-96.4355011
KF47,29.64599991,-84.91660309
KF48,33.77399826,-97.73809814
KF49,33.48479843,-101.6610031
KF51,32.93880081,-95.27890015
KF53,33.2154007,-95.23739624
KF56,32.90909958,-99.73600006
KF62,40.54710007,-123.1819992
KF68,35.05220032,-98.26429749
KF69,33.02349854,-96.8368988
KF70,33.57419968,-117.1279984
KF72,38.30490112,-121.4300003
KF75,33.43809891,-99.81289673
KF82,33.48559952,-101.8130035
KF83,33.84590149,-101.7630005
KF84,35.289101,-95.093903
KF85,33.72930145,-102.7340012
KF86,32.12216,-92.05452
KF87,32.72499847,-92.33719635
KF88,32.20199966,-92.73290253
KF89,32.15299988,-91.69850159
KF97,32.95460129,-102.5410004
KF98,33.21730042,-102.8300018
KF99,35.08589935,-96.41670227
KFAF,37.13249969,-76.6088028
KFAM,37.76110077,-90.4285965
KFAR,46.92070007,-96.81580353
KFAT,36.776199,-119.718002
KFAY,34.99119949,-78.88030243
KFBG,35.13180161,-78.93669891
KFBL,44.32844,-93.312534
KFBR,41.39189911,-110.4069977
KFBY,40.18299866,-97.16929626
KFCH,36.732399,-119.82
KFCI,37.40650177,-77.52500153
KFCM,44.82720184,-93.45709991
KFCS,38.67839813,-104.7570038
KFCT,46.669421,-120.455984
KFCY,34.94200134,-90.77500153
KFDK,39.41759872,-77.3742981
KFDR,34.35200119,-98.98390198
KFDW,34.31549835,-81.1088028
KFDY,41.01350021,-83.66870117
KFEP,42.24620056,-89.58200073
KFES,38.19490051,-90.38539886
KFET,41.44910049,-96.52020264
KFFA,36.01819992,-75.6713028
KFFC,33.3572998,-84.57180023
KFFL,41.05329895,-91.97889709
KFFM,46.28440094,-96.15670013
KFFO,39.8260994,-84.0483017
KFFT,38.18249893,-84.90470123
KFFX,43.43930054,-85.99490356
KFFZ,33.46080017,-111.7279968
KFGX,38.54180145,-83.74340057
KFHR,48.52199936,-123.0240021
KFHU,31.58849907,-110.3440018
KFIG,41.04859924,-78.4131012
KFIT,42.55410004,-71.75900269
KFKA,43.67679977,-92.17970276
KFKL,41.37789917,-79.86039734
KFKN,36.698101,-76.903801
KFKR,40.27339935,-86.56220245
KFKS,44.62519836,-86.20079803
KFLD,43.77119827,-88.48840332
KFLG,35.13850021,-111.6709976
KFLL,26.072599,-80.152702
KFLO,34.1853981,-79.72389984
KFLP,36.29090118,-92.59030151
KFLR,41.75500107,-71.10970306
KFLU,40.77870178,-73.83260345
KFLV,39.36830139,-94.91470337
KFLX,39.49909973,-118.7490005
KFME,39.08539963,-76.75939941
KFMH,41.65840149,-70.52140045
KFMM,40.33359909,-103.8040009
KFMN,36.74119949,-108.2300034
KFMY,26.58659935,-81.86329651
KFMZ,40.58610153,-97.57309723
KFNB,40.0788002,-95.59200287
KFNL,40.451804,-105.011
KFNT,42.9654007,-83.74359894
KFOA,38.66490173,-88.45300293
KFOD,42.55149841,-94.19259644
KFOE,38.95090103,-95.66359711
KFOK,40.84370041,-72.63179779
KFOM,38.95830154,-112.362999
KFOT,40.55390167,-124.1330032
KFOZ,47.78279877,-93.65019989
KFPK,42.57450104,-84.81140137
KFPR,27.49510002,-80.36830139
KFQD,35.4282,-81.935097
KFRG,40.72880173,-73.41339874
KFRH,38.50619888,-86.63690186
KFRI,39.05530167,-96.76450348
KFRM,43.64390183,-94.41560364
KFRR,38.91749954,-78.25350189
KFSD,43.58200073,-96.74189758
KFSE,47.5928,-95.773499
KFSI,34.64979935,-98.40219879
KFSK,37.79840088,-94.76940155
KFSM,35.33660126,-94.36740112
KFSO,44.94029999,-73.09750366
KFST,30.91570091,-102.9160004
KFSU,34.48339844,-104.2170029
KFSW,40.659302,-91.326797
KFTG,39.784194,-104.537639
KFTK,37.90710068,-85.9720993
KFTT,38.83810043,-92.00260162
KFTW,32.819801,-97.362396
KFTY,33.77909851,-84.52140045
KFUL,33.87200165,-117.9800034
KFVE,47.28549957,-68.31279755
KFVX,37.35749817,-78.43779755
KFWA,40.97850037,-85.19509888
KFWC,38.37860107,-88.41269684
KFWN,41.20019913,-74.6230011
KFWQ,40.20970154,-79.83139801
KFWS,32.56520081,-97.30809784
KFXE,26.19729996,-80.17070007
KFXY,43.23469925,-93.62409973
KFYE,35.20769882,-89.39450073
KFYJ,37.52119827,-76.76470184
KFYM,35.05970001,-86.56400299
KFYV,36.00510025,-94.17009735
KFZG,31.68370056,-83.27050018
KFZI,41.19079971,-83.39450073
KFZY,43.35079956,-76.38809967
KGAD,33.972599,-86.088996
KGAF,48.40470123,-97.37090302
KGAG,36.29550171,-99.77639771
KGAI,39.16830063,-77.16600037
KGAO,29.44479942,-90.26110077
KGAS,38.83409882,-82.16339874
KGBD,38.34429932,-98.85919952
KGBG,40.93799973,-90.43109894
KGBN,32.887501,-112.720001
KGBR,42.18420029,-73.40319824
KGCC,44.34889984,-105.5390015
KGCD,44.40420151,-118.9629974
KGCK,37.92750168,-100.723999
KGCM,36.29270172,-95.479599
KGCN,35.95240021,-112.1470032
KGCT,41.68780136,-94.43520355
KGCY,36.19300079,-82.81510162
KGDB,44.75329971,-95.55599976
KGDJ,32.44440079,-97.81690216
KGDM,42.54999924,-72.01609802
KGDV,47.13869858,-104.8069992
KGDW,43.97060013,-84.47499847
KGED,38.68920135,-75.35890198
KGEG,47.61989975,-117.5339966
KGEO,38.88190079,-83.88269806
KGEU,33.52690125,-112.2949982
KGEV,36.4324,-81.419702
KGEY,44.51679993,-108.0830002
KGEZ,39.583199,-85.804802
KGFA,47.50469971,-111.1869965
KGFK,47.949299,-97.176102
KGFL,43.34120178,-73.61029816
KGFZ,41.32699966,-94.4457016
KGGE,33.31169891,-79.31960297
KGGF,40.86949921,-101.7330017
KGGG,32.38399887,-94.71150208
KGGI,41.70920181,-92.73490143
KGGP,40.71120071,-86.37490082
KGGW,48.212502,-106.614998
KGHG,42.09830093,-70.67220306
KGHM,35.83739853,-87.44539642
KGHW,45.64390182,-95.32039642
KGIF,28.062901,-81.753304
KGJT,39.12239838,-108.5270004
KGKJ,41.62649918,-80.21469879
KGKT,35.85779953,-83.52870178
KGKY,32.66389847,-97.09429932
KGLD,39.37060165,-101.6989975
KGLE,33.65140152,-97.1969986
KGLH,33.48289871,-90.98560333
KGLR,45.01350021,-84.70359802
KGLS,29.26530075,-94.86039734
KGLW,37.03179932,-85.9536972
KGLY,38.35660172,-93.68419647
KGMJ,36.60680008,-94.73860168
KGMU,34.84790039,-82.34999847
KGNB,40.08969879,-105.9169998
KGNC,32.6753006,-102.6529999
KGNF,33.83250046,-89.79820251
KGNG,42.91719818,-114.7649994
KGNT,35.16730118,-107.9020004
KGNV,29.69009972,-82.27179718
KGOK,35.84980011,-97.41560364
KGON,41.33010101,-72.04509735
KGOO,39.223998,-121.002997
KGOP,31.421301,-97.796996
KGOV,44.68030167,-84.72889709
KGPH,39.33250046,-94.30960083
KGPI,48.3105011,-114.2559967
KGPM,32.69879913,-97.04689789
KGPT,30.40730095,-89.07009888
KGPZ,47.21110153,-93.50980377
KGQQ,40.7533989,-82.72380066
KGRB,44.48509979,-88.12960052
KGRD,34.24869919,-82.15910339
KGRE,38.83620071,-89.37840271
KGRF,47.07920074,-122.5810013
KGRI,40.96749878,-98.30960083
KGRK,31.06719971,-97.8289032
KGRM,47.827,-90.38
KGRN,42.80599976,-102.1750031
KGRR,42.88079834,-85.52279663
KGSB,35.33940125,-77.96060181
KGSH,41.52640152,-85.79290009
KGSO,36.09780121,-79.93730164
KGSP,34.89569855,-82.21890259
KGSW,32.83081045,-97.04918861
KGTB,44.05559921,-75.71949768
KGTE,40.9263,-100.148003
KGTF,47.48199844,-111.3710022
KGTG,45.79809952,-92.66439819
KGTR,33.45029831,-88.59140015
KGTU,30.67880058,-97.67939758
KGUC,38.53390121,-106.9329987
KGUP,35.51110077,-108.7890015
KGUS,40.64810181,-86.15209961
KGUY,36.68510056,-101.5080032
KGVL,34.27259827,-83.8302002
KGVQ,43.03170013,-78.16760254
KGVT,33.06779861,-96.06529999
KGVW,38.84420013,-94.55999756
KGWB,41.30720139,-85.06439972
KGWN,31.87416667,-81.59666667
KGWO,33.49430084,-90.08470154
KGWR,46.21870041,-97.64320374
KGWS,39.50830078,-107.310997
KGWW,35.46060181,-77.96489716
KGX,62.895187,-160.066289
KGXY,40.43740082,-104.6330032
KGYB,30.1693,-96.980003
KGYH,34.758301,-82.376404
KGYI,33.71409988,-96.67369843
KGYL,44.75600052,-94.08119965
KGYR,33.42250061,-112.3759995
KGYY,41.61629868,-87.41280365
KGZ,61.45510101,-142.3809967
KGZH,31.4158,-87.043999
KGZN,32.367348,-99.023642
KGZS,35.15370178,-87.05680084
KH04,36.63299942,-95.15139771
KH05,34.91999817,-95.39399719
KH17,37.65420151,-93.08769989
KH19,39.36989975,-91.21929932
KH21,37.974024,-92.691254
KH34,36.07820129,-93.75479889
KH35,35.47069931,-93.42720032
KH37,40.13880157,-120.1790009
KH58,37.18470001,-92.73760223
KH68,35.96260071,-95.34190369
KH70,36.34560013,-102.0490036
KH71,36.22539902,-95.33010101
KH76,36.67169952,-96.4056015
KH79,38.36059952,-92.57160187
KH88,37.605801,-90.2873
KH92,36.44269943,-96.3871994
KH96,38.00669861,-88.93440247
KHAB,34.11759949,-87.99819946
KHAE,39.72449875,-91.4437027
KHAF,37.51340103,-122.5009995
KHAI,41.95980072,-85.59339905
KHAO,39.36380005,-84.52200317
KHAX,35.7458992,-95.41280365
KHBC,48.76839828,-101.5370026
KHBG,31.26479912,-89.25279999
KHBI,35.65449905,-79.8946991
KHBR,34.991317,-99.051313
KHBV,27.34959984,-98.73699951
KHBW,43.656601,-90.3282
KHBZ,35.5117,-92.013
KHCD,44.85990143,-94.38249969
KHCO,48.75270081,-96.94300079
KHDC,30.52160072,-90.41840363
KHDE,40.452099,-99.336502
KHDI,35.2201,-84.832397
KHDN,40.48120117,-107.2180023
KHDO,29.35950089,-99.17669678
KHEE,34.576571,-90.67616
KHEF,38.72140121,-77.51540375
KHEG,30.27779961,-81.80590057
KHEI,46.01490021,-102.6559982
KHEQ,40.56940079,-102.2730026
KHEZ,31.613738,-91.297313
KHFD,41.73669815,-72.6493988
KHFF,35.036288,-79.497755
KHFJ,36.90620041,-94.01280212
KHFY,39.628399,-86.087898
KHGR,39.707901,-77.72949982
KHHF,35.89530182,-100.4039993
KHHG,40.85290146,-85.45709991
KHHR,33.922798,-118.334999
KHHW,34.03480148,-95.54190063
KHIB,47.38660049,-92.83899689
KHIE,44.367637,-71.544502
KHIF,41.12403,-111.973086
KHIG,39.07289886,-93.67749786
KHII,34.571098,-114.358002
KHIO,45.540401,-122.949997
KHJH,40.15219879,-97.58699799
KHJO,36.31669998,-119.6279984
KHKA,35.94039917,-89.83080292
KHKS,32.33449936,-90.22219849
KHKY,35.74110031,-81.38950348
KHLB,39.3445015,-85.25830078
KHLC,39.37879944,-99.83149719
KHLG,40.17499924,-80.64630127
KHLM,42.79589844,-86.16200256
KHLN,46.60680008,-111.9830017
KHLR,31.13870049,-97.71450043
KHLX,36.76610184,-80.82360077
KHMJ,40.02640152,-87.95249939
KHMN,32.85250092,-106.1070023
KHMT,33.73400116,-117.0230026
KHMY,35.02640152,-97.2315979
KHMZ,40.08530045,-78.5121994
KHNB,38.24900055,-86.9536972
KHND,35.97280121,-115.1340027
KHNR,41.58440018,-95.33959961
KHNZ,36.36159897,-78.52919769
KHOB,32.6875,-103.2170029
KHOC,39.18880081,-83.5388031
KHOE,31.05590057,-82.77410126
KHON,44.3852005,-98.22850037
KHOP,36.66859818,-87.49620056
KHOT,34.47800064,-93.09619904
KHOU,29.64539909,-95.27890015
KHPN,41.06700134,-73.70760345
KHPT,42.72370148,-93.2263031
KHPY,29.78610039,-94.95269775
KHQG,37.1631012,-101.3710022
KHQM,46.97119904,-123.9369965
KHQU,33.52970123,-82.51650238
KHQZ,32.74700165,-96.53040314
KHRI,45.828223,-119.259024
KHRJ,35.379398,-78.733002
KHRL,26.22850037,-97.65440369
KHRO,36.26150131,-93.15470123
KHRT,30.42779922,-86.68930054
KHRU,38.69469833,-96.80799866
KHRX,34.85779953,-102.3259964
KHSA,30.36779976,-89.45459747
KHSB,37.81129837,-88.5503006
KHSD,35.60179901,-97.70619965
KHSE,35.23279953,-75.61779785
KHSG,43.713602,-108.389687
KHSI,40.6053009,-98.42790222
KHSP,37.95140076,-79.83390045
KHSR,43.36819839,-103.3880005
KHST,25.48859978,-80.38359833
KHSV,34.6371994,-86.77510071
KHTH,38.544399,-118.634002
KHTL,44.359798,-84.671095
KHTO,40.95959854,-72.25180054
KHTS,38.36669922,-82.55799866
KHTW,38.4193,-82.494301
KHUA,34.67869949,-86.68479919
KHUF,39.4515,-87.307602
KHUL,46.12310028,-67.792099
KHUM,29.56649971,-90.66040039
KHUT,38.06549835,-97.86060333
KHVC,36.85699844,-87.45510101
KHVE,38.41799927,-110.7040024
KHVN,41.26369858,-72.88680267
KHVR,48.54299927,-109.762001
KHVS,34.40309906,-80.11920166
KHWC,41.47389984,-84.55670166
KHWD,37.65919876,-122.1220016
KHWO,26.0012,-80.2407
KHWQ,46.44860077,-109.8529968
KHWV,40.82189941,-72.86940002
KHWY,38.5862999,-77.71060181
KHXD,32.22439957,-80.69750214
KHXF,43.34930038,-88.39109802
KHYA,41.66930008,-70.28040314
KHYI,29.8927,-97.862999
KHYR,46.02519989,-91.44429779
KHYS,38.84220123,-99.27320099
KHYW,33.82849884,-79.12220001
KHYX,43.4333992,-83.86229706
KHZD,36.08929825,-88.46330261
KHZE,47.28990173,-101.5810013
KHZL,40.98680115,-75.99490356
KHZR,30.71829987,-91.47869873
KHZX,46.61880112,-93.30979919
KHZY,41.77799988,-80.69550323
KI06,34.56679916,-101.7809982
KI10,39.80099869,-81.53630066
KI12,40.241402,-84.150902
KI16,37.60039902,-81.55930328
KI17,40.16469955,-84.30840302
KI18,38.92979813,-81.81950378
KI22,40.16889954,-84.92569733
KI23,39.57040024,-83.42050171
KI34,39.32690048,-85.52249908
KI35,36.85929871,-83.35849762
KI39,37.63079834,-84.33229828
KI40,40.30920029,-81.85340118
KI43,38.98139954,-82.57790375
KI50,37.85010147,-83.84580231
KI53,37.308691,-85.059304
KI54,40.0201,-83.828499
KI58,34.93439865,-104.6429977
KI63,39.98749924,-90.80419922
KI64,41.29309845,-82.37069702
KI66,39.50329971,-83.8628006
KI67,39.25889969,-84.77429962
KI68,39.46220016,-84.25180054
KI69,39.07839966,-84.21019745
KI71,39.65420151,-81.80319977
KI73,39.68259811,-84.24299622
KI74,40.13259888,-83.75340271
KI75,41.05220032,-93.68969727
KI76,40.78630066,-86.14640045
KI86,39.6916008,-82.19779968
KI93,37.78509903,-86.44190216
KI95,40.6106987,-83.64360046
KIAB,37.62189865,-97.26820374
KIAD,38.94449997,-77.45580292
KIAG,43.1072998,-78.94619751
KIAH,29.9843998,-95.34140015
KIB,55.89749908,-159.4889984
KIBM,41.18809891,-103.677002
KICL,40.72180176,-95.02639771
KICR,43.39020157,-99.84210205
KICT,37.649899,-97.433098
KIDA,43.514599,-112.070999
KIDG,42.33259964,-95.44490051
KIDI,40.63219833,-79.10549927
KIDL,33.485699,-90.678902
KIDP,37.15840149,-95.77839661
KIEN,43.02249908,-102.5110016
KIER,31.73570061,-93.09909821
KIFA,42.47079849,-93.26999664
KIFP,35.15739822,-114.5599976
KIGM,35.2594986,-113.9380035
KIGQ,41.53490067,-87.52950287
KIGX,35.935001,-79.065902
KIIB,42.45360184,-91.94760132
KIIY,33.77939987,-82.81580353
KIJD,41.74399948,-72.18029785
KIJX,39.77460098,-90.23829651
KIKG,27.55089951,-98.03089905
KIKK,41.07139969,-87.84629822
KIKV,41.69139862,-93.56639862
KILE,31.08580017,-97.68650055
KILG,39.67869949,-75.60649872
KILL,45.11569977,-95.08879852
KILM,34.27059937,-77.90260315
KILN,39.42789841,-83.792099
KIML,40.50930023,-101.6210022
KIMM,26.43320084,-81.40100098
KIMS,38.75889969,-85.46549988
KIMT,45.81840134,-88.11450195
KIND,39.7173,-86.294403
KINJ,32.08349991,-97.09719849
KINK,31.77960014,-103.2009964
KINL,48.56620026,-93.40309906
KINS,36.58720016,-115.6729965
KINT,36.13370132,-80.22200012
KINW,35.02190018,-110.7229996
KIOB,38.05810165,-83.979599
KIOW,41.6391983,-91.54650116
KIPJ,35.483299,-81.161301
KIPL,32.83420181,-115.5790024
KIPT,41.2417984,-76.9210968
KIRK,40.09349823,-92.54489899
KIRS,41.81330109,-85.43900299
KISB,43.36949921,-95.75980377
KISM,28.28980064,-81.43710327
KISN,48.17789841,-103.6419983
KISO,35.33140183,-77.6088028
KISP,40.79520035,-73.10019684
KISQ,45.97460175,-86.17179871
KISW,44.36029816,-89.83899689
KISZ,39.24670029,-84.38899994
KITH,42.49100113,-76.45839691
KITR,39.24250031,-102.2850037
KIWA,33.30780029,-111.6549988
KIWD,46.52750015,-90.13140106
KIWH,40.76200104,-85.79879761
KIWI,43.96139908,-69.71260071
KIWS,29.81819916,-95.67259979
KIXA,36.32979965,-77.63523102
KIXD,38.83089828,-94.89029694
KIYK,35.65879822,-117.8300018
KIZA,34.60680008,-120.0759964
KIZG,43.99110031,-70.94789886
KJAC,43.6072998,-110.737999
KJAN,32.31119919,-90.07589722
KJAS,30.88570023,-94.03489685
KJAU,36.334599,-84.1623
KJAX,30.49410057,-81.68789673
KJBR,35.83169937,-90.64640045
KJCT,30.51129913,-99.7634964
KJDD,32.742199,-95.496498
KJDN,47.3288002,-106.9530029
KJEF,38.59120178,-92.15609741
KJER,42.72669983,-114.4570007
KJES,31.55400085,-81.88249969
KJFK,40.639801,-73.7789
KJFX,33.90200043,-87.31420135
KJFZ,37.06370163,-81.7983017
KJGG,37.23920059,-76.7161026
KJHW,42.15340042,-79.25800323
KJKA,30.29050064,-87.67179871
KJKJ,46.83929825,-96.66369629
KJKL,37.59389877,-83.31729889
KJLN,37.15179825,-94.49829865
KJMR,45.886101,-93.271796
KJMS,46.92969894,-98.67819977
KJNX,35.54090118,-78.39029694
KJOT,41.51779938,-88.17549896
KJQF,35.387798,-80.709099
KJSD,41.2492981,-73.09680176
KJSO,31.86930084,-95.2173996
KJST,40.31610107,-78.83390045
KJSV,35.4382019,-94.80280304
KJVL,42.62030029,-89.04160309
KJVY,38.36539841,-85.73819733
KJWG,35.86470032,-98.42079926
KJWN,36.18239975,-86.88670349
KJWY,32.45610046,-96.91239929
KJXI,32.69900131,-94.94889832
KJXN,42.25979996,-84.45939636
KJYG,43.98630142,-94.55789948
KJYL,32.64530182,-81.5970993
KJYM,41.92129898,-84.58580017
KJYO,39.077999,-77.557503
KJYR,40.89680099,-97.62280273
KJZI,32.70090103,-80.00289917
KJZP,34.45339966,-84.45739746
KK02,37.868698,-89.862099
KK06,39.97340012,-90.40370178
KK09,43.45339966,-74.51760101
KK15,38.11050034,-92.68049622
KK16,43.25839996,-75.60379791
KK19,40.2621994,-94.33899689
KK20,37.38779831,-83.26210022
KK22,37.75099945,-82.63670349
KK24,37.00970078,-85.10269928
KK32,37.74810028,-97.40670013
KK33,37.61520004,-91.60440063
KK36,42.00439835,-96.10359955
KK38,39.73350143,-97.04769897
KK39,38.37590027,-90.97070313
KK44,36.7989006,-100.5299988
KK49,36.5056,-101.814003
KK51,37.26250076,-98.54620361
KK52,39.634399,-91.726997
KK57,40.44580078,-95.3628006
KK58,37.16669846,-99.77510071
KK59,39.57049942,-95.18029785
KK61,39.47119904,-98.12879944
KK62,38.70420074,-84.39160156
KK74,46.6487999,-96.99859619
KK75,39.42919922,-98.67949677
KK77,36.75849915,-99.10199738
KK78,38.90409851,-97.23590088
KK79,37.98450089,-99.89430237
KK81,38.54059982,-94.92050171
KK82,39.76110077,-98.79340363
KK83,39.90420151,-95.77940369
KK88,37.87009811,-95.38639832
KK89,39.72869873,-92.46450043
KK94,38.5483017,-99.28869629
KKB,58.1908989,-152.3699951
KKI,60.90790176,-161.4349976
KKIC,36.22800064,-121.1220016
KKL,57.36700058,-154.0279999
KKLS,46.11800003,-122.8980026
KKNB,37.01110077,-112.5309982
KKU,58.81119919,-158.5590057
KL00,34.87080002,-118.2089996
KL04,32.84030151,-115.2669983
KL05,35.72829819,-118.4199982
KL06,36.463799,-116.880997
KL08,33.25899887,-116.3209991
KL09,36.60409927,-117.1589966
KL17,35.14110184,-119.4410019
KL19,35.61970139,-119.3539963
KL22,34.12779999,-116.4079971
KL23,37.102699,-116.313003
KL26,34.37720108,-117.3160019
KL31,30.445101,-89.988899
KL32,31.62529945,-91.82920074
KL33,31.97742,-91.240471
KL35,34.26380157,-116.8560028
KL38,30.172701,-90.940598
KL39,31.16860008,-93.34249878
KL41,36.8125,-111.6470032
KL45,35.32479858,-118.9960022
KL47,31.89539909,-92.21790314
KL62,35.35269928,-119.4789963
KL64,33.7486,-115.322998
KL65,33.76089859,-117.2180023
KL66,31.47750092,-92.46109772
KL67,34.12929916,-117.4020004
KL70,34.50419998,-118.3130035
KL71,35.15119934,-118.0169983
KL72,35.8125,-117.3270035
KL73,35.59659958,-119.1279984
KL77,33.66529846,-115.7109985
KL83,29.74780083,-90.832901
KL84,35.6236,-119.685997
KL88,34.9375,-119.6880035
KL94,35.10110092,-118.4229965
KLAA,38.064852,-102.683201
KLAF,40.41230011,-86.93689728
KLAL,27.988899,-82.018602
KLAM,35.87979889,-106.2689972
KLAN,42.77870178,-84.58740234
KLAR,41.31209946,-105.6750031
KLAS,36.08010101,-115.1520004
KLAW,34.56769943,-98.41660309
KLAX,33.942501,-118.407997
KLBB,33.663601,-101.822998
KLBE,40.27590179,-79.40480042
KLBF,41.12620163,-100.6839981
KLBL,37.0442009,-100.9599991
KLBO,37.64830017,-92.65239716
KLBR,33.59320068,-95.06359863
KLBT,34.60990143,-79.05940247
KLBX,29.10860062,-95.46209717
KLCG,42.2419014,-96.98139954
KLCH,30.12610054,-93.22329712
KLCI,43.5727005,-71.41889954
KLCK,39.813801,-82.927803
KLCQ,30.18199921,-82.57689667
KLDJ,40.61740112,-74.24459839
KLDM,43.96250153,-86.40789795
KLEB,43.62609863,-72.30419922
KLEE,28.82309914,-81.80870056
KLEM,45.91870117,-102.1060028
KLEW,44.04850006,-70.28350067
KLEX,38.03649902,-84.60590363
KLFI,37.082901,-76.36049652
KLFK,31.23399925,-94.75
KLFT,30.20529938,-91.98760223
KLGA,40.77719879,-73.87259674
KLGB,33.81769943,-118.1520004
KLGC,33.0089,-85.072601
KLGD,45.29019928,-118.0070038
KLGF,32.86000061,-114.3970032
KLGU,41.79119873,-111.8519974
KLHB,30.87179947,-96.62220001
KLHC,35.28310013,-89.67250061
KLHM,38.90919876,-121.3509979
KLHQ,39.75559998,-82.65709686
KLHV,41.13560104,-77.42230225
KLHW,31.889099,-81.562303
KLHX,38.04970169,-103.5090027
KLHZ,36.0233,-78.330299
KLIC,39.27479935,-103.6660004
KLIT,34.72940063,-92.22429657
KLIU,33.923901,-102.387001
KLJF,45.0970993,-94.50730133
KLKP,44.26449966,-73.9618988
KLKR,34.72290039,-80.854599
KLKU,38.00979996,-77.9701004
KLKV,42.16109848,-120.3990021
KLLJ,44.522999,-114.218002
KLLN,33.55250168,-102.3720016
KLLQ,33.6385994,-91.75099945
KLLR,39.26200104,-123.7539978
KLLU,37.48949814,-94.31150055
KLMO,40.1637001,-105.163002
KLMS,33.14619827,-89.0625
KLMT,42.156101,-121.733002
KLNA,26.59300041,-80.08509827
KLNC,32.57920074,-96.71900177
KLND,42.81520081,-108.7300034
KLNK,40.85100174,-96.75920105
KLNL,46.15399933,-89.21209717
KLNN,41.683998,-81.389702
KLNP,36.98749924,-82.52999878
KLNR,43.21170044,-90.18160248
KLNS,40.12170029,-76.2960968
KLOL,40.06639862,-118.5650024
KLOM,40.13750076,-75.26509857
KLOT,41.6072998,-88.09619904
KLOU,38.22800064,-85.66369629
KLOZ,37.0821991,-84.0848999
KLPC,34.66559982,-120.4680023
KLPR,41.34429932,-82.17759705
KLQK,34.81000137,-82.70290375
KLQR,38.20859909,-99.08599854
KLRD,27.54380035,-99.46160126
KLRF,34.91690063,-92.14969635
KLRG,45.36220169,-68.53469849
KLRJ,42.77799988,-96.1937027
KLRO,32.89780045,-79.78289795
KLRU,32.28939819,-106.9219971
KLRY,38.61100006,-94.34210205
KLSB,32.33349991,-108.6920013
KLSE,43.879002,-91.256699
KLSF,32.33729935,-84.99130249
KLSK,42.75379944,-104.4049988
KLSN,37.06290054,-120.8690033
KLSV,36.23619843,-115.0339966
KLTS,34.667099,-99.26670074
KLTY,48.510702,-110.990997
KLUD,33.254601,-97.580597
KLUF,33.53499985,-112.3830032
KLUG,35.50699997,-86.80390167
KLUK,39.10329819,-84.41860199
KLUL,31.67259979,-89.17220306
KLUM,44.89229965,-91.86789703
KLUX,34.50709915,-81.94719696
KLVJ,29.52129936,-95.24210358
KLVK,37.69340134,-121.8199997
KLVL,36.7728,-77.794296
KLVM,45.69940186,-110.447998
KLVN,44.62789917,-93.22810364
KLVS,35.65420151,-105.1419983
KLWA,42.3512001,-86.25569916
KLWB,37.85829926,-80.39949799
KLWC,39.01119995,-95.21659851
KLWL,41.11709976,-114.9219971
KLWM,42.71720123,-71.12339783
KLWS,46.37450027,-117.0149994
KLWT,47.04930115,-109.4670029
KLWV,38.7643013,-87.60549927
KLXL,45.9496994,-94.34739685
KLXN,40.79100037,-99.77729797
KLXT,38.95970154,-94.37139893
KLXV,39.22029877,-106.3170013
KLXY,31.63979912,-96.51470184
KLYH,37.3266983,-79.20040131
KLYO,38.34280014,-98.22689819
KLYV,43.62120056,-96.21579742
KLZD,41.81969833,-71.90100098
KLZU,33.97809982,-83.96240234
KLZZ,31.10619926,-98.19589996
KM01,35.20069885,-90.05400085
KM02,36.12799835,-87.42980194
KM04,35.58340073,-89.58719635
KM05,36.16910172,-89.67649841
KM08,35.21450043,-89.04340363
KM11,31.9029007,-90.36869812
KM12,36.09590149,-89.86340332
KM13,30.7859993,-89.50450134
KM15,35.595798,-87.876701
KM16,32.30329895,-90.40850067
KM17,37.59609985,-93.34770203
KM18,33.7201004,-93.65879822
KM19,35.637699,-91.176397
KM20,37.3995018,-86.2602005
KM21,37.2262001,-87.15640259
KM22,34.445301,-87.711304
KM23,32.3117981,-89.1359024
KM24,30.84320068,-89.15979767
KM25,36.76910019,-88.58470154
KM27,34.87599945,-94.10929871
KM29,35.38510132,-87.96749878
KM30,37.18590164,-88.75060272
KM31,35.90340042,-89.39730072
KM32,33.34600067,-91.31569672
KM33,36.375076,-86.408414
KM34,37.00979,-88.299403
KM36,34.88029861,-91.17639923
KM37,33.77640152,-90.52500153
KM40,33.87369919,-88.48970032
KM41,34.8042984,-89.52110291
KM43,31.59539986,-89.90619659
KM44,33.89179993,-89.0236969
KM45,38.73469925,-119.7669983
KM46,45.85290146,-106.7089996
KM48,37.33010101,-91.97319794
KM50,45.81480026,-119.8209991
KM51,33.49750137,-88.6812973
KM52,35.65129852,-88.37889862
KM53,35.80220032,-88.87490082
KM54,36.19039917,-86.31569672
KM55,33.84669876,-88.1155014
KM59,31.31739998,-88.93499756
KM60,35.27190018,-91.2696991
KM65,35.231602,-90.761597
KM66,38.3431015,-97.21420288
KM70,36.24549866,-90.9552002
KM71,38.90179825,-90.96029663
KM72,34.54869843,-89.02420044
KM73,34.41230011,-91.46630096
KM75,48.3669014,-107.9189987
KM77,33.99670029,-93.83809662
KM78,34.33330154,-92.7614975
KM79,32.48529816,-91.77030182
KM80,32.41630173,-91.14890289
KM83,33.58399963,-88.66670227
KM85,36.44380188,-89.90380096
KM88,36.19029999,-86.6996994
KM89,34.09980011,-93.06610107
KM90,36.75859833,-120.3710022
KM91,36.53720093,-86.92060089
KM93,36.31669998,-87.91670227
KM94,46.687401,-119.920998
KM95,33.7122,-87.815002
KM99,34.556599,-92.606903
KMAC,32.82210159,-83.56199646
KMAE,36.98860168,-120.1119995
KMAF,31.94249916,-102.2020035
KMAI,30.83779907,-85.18190002
KMAL,44.85369873,-74.3289032
KMAO,34.18119812,-79.33470154
KMAW,36.6006012,-89.99220276
KMBG,45.54650116,-100.4079971
KMBL,44.2723999,-86.24690247
KMBO,32.438702,-90.103104
KMBS,43.53290176,-84.07959747
KMBT,35.87749863,-86.37750244
KMBY,39.46390152,-92.42700195
KMCB,31.17849922,-90.47190094
KMCC,38.66759872,-121.401001
KMCD,45.86489868,-84.63729858
KMCE,37.28469849,-120.5139999
KMCF,27.84930038,-82.52120209
KMCI,39.2976,-94.713898
KMCK,40.20629883,-100.5920029
KMCN,32.69279861,-83.64920044
KMCO,28.42939949,-81.30899811
KMCW,43.15779877,-93.33129883
KMCX,40.70880127,-86.76679993
KMCZ,35.86220169,-77.17819977
KMDA,29.43129921,-98.37779999
KMDD,32.03649902,-102.1009979
KMDF,36.48479843,-99.19419861
KMDH,37.77809906,-89.2519989
KMDQ,34.8614006,-86.55750275
KMDS,44.01599884,-97.08589935
KMDT,40.19350052,-76.76339722
KMDW,41.785999,-87.752403
KMDZ,45.10100174,-90.30329895
KMEB,34.791901,-79.365799
KMEI,32.33259964,-88.75189972
KMEJ,37.27690125,-100.3560028
KMEM,35.04240036,-89.97669983
KMER,37.38050079,-120.5680008
KMEV,39.00030136,-119.7509995
KMEY,42.17829895,-95.79360199
KMEZ,34.545399,-94.202698
KMFD,40.82139969,-82.51660156
KMFE,26.17580032,-98.23860168
KMFI,44.63690186,-90.18930054
KMFR,42.37419891,-122.8730011
KMFV,37.64690018,-75.76110077
KMGC,41.70330048,-86.82119751
KMGE,33.91540146,-84.51629639
KMGG,45.23600006,-93.98560333
KMGJ,41.50999832,-74.26460266
KMGM,32.30059814,-86.39399719
KMGN,45.42559814,-84.91339874
KMGR,31.0848999,-83.80329895
KMGW,39.64289856,-79.91629791
KMGY,39.5890007,-84.22489929
KMHE,43.77479935,-98.03859711
KMHK,39.14099884,-96.67079926
KMHL,39.09579849,-93.20290375
KMHP,32.37390137,-82.07920074
KMHR,38.55390167,-121.2979965
KMHT,42.932598,-71.435699
KMHV,35.05939865,-118.1520004
KMIA,25.79319954,-80.29060364
KMIB,48.4156,-101.358002
KMIC,45.06200027,-93.35389709
KMIE,40.24229813,-85.39589691
KMIO,36.909199,-94.887497
KMIT,35.507401,-119.192002
KMIV,39.367802,-75.072197
KMIW,42.11270142,-92.9178009
KMJD,30.48749924,-89.65119934
KMJQ,43.65000153,-94.9865036
KMJX,39.92750168,-74.29239655
KMKA,44.52519989,-98.95809937
KMKC,39.12319946,-94.59279633
KMKE,42.94720078,-87.89659882
KMKG,43.169498,-86.238197
KMKJ,36.89490128,-81.34989929
KMKL,35.599899,-88.915604
KMKN,31.91679955,-98.60030365
KMKO,35.656502,-95.366699
KMKS,33.1855011,-80.03630066
KMKT,44.22159958,-93.91870117
KMKV,31.09469986,-92.06909943
KMKY,25.995001,-81.672501
KMLB,28.10280037,-80.64530182
KMLC,34.882401,-95.783501
KMLD,42.16659927,-112.2969971
KMLE,41.19599915,-96.11199951
KMLF,38.42660141,-113.012001
KMLI,41.44850159,-90.50749969
KMLJ,33.154202,-83.240701
KMLK,48.34939957,-107.8860016
KMLS,46.4280014,-105.8860016
KMLT,45.64780045,-68.68560028
KMLU,32.51089859,-92.03769684
KMMH,37.62409973,-118.8379974
KMMI,35.39730072,-84.56259918
KMMK,41.50870132,-72.82949829
KMML,44.45050049,-95.82189941
KMMS,34.23149872,-90.28959656
KMMT,33.92079926,-80.80130005
KMMU,40.79940033,-74.41490173
KMMV,45.19440079,-123.1360016
KMNF,36.99280167,-91.71450043
KMNG,45.805,-108.5666667
KMNI,33.58710098,-80.20870209
KMNM,45.126701,-87.638397
KMNN,40.61619949,-83.06349945
KMNV,35.54539871,-84.38020325
KMNZ,31.66589928,-98.14859772
KMO1,37.875,-92.40850067
KMO3,37.66030121,-93.81680298
KMO6,38.587601,-90.993797
KMO8,39.77000046,-93.01270294
KMOB,30.69120026,-88.24279785
KMOD,37.62580109,-120.9540024
KMOP,43.62170029,-84.73750305
KMOR,36.1794014,-83.37550354
KMOT,48.25939941,-101.2799988
KMOX,45.56600189,-95.96720123
KMPE,32.7994,-89.125999
KMPG,39.88079834,-80.7358017
KMPI,37.51089859,-120.0400009
KMPJ,35.138901,-92.909202
KMPO,41.137503,-75.378897
KMPR,38.35240173,-97.69129944
KMPV,44.20349884,-72.56230164
KMPZ,40.94660187,-91.51110077
KMQB,40.52009964,-90.65239716
KMQI,35.91899872,-75.69550323
KMQJ,39.843498,-85.8971
KMQS,39.97900009,-75.8655014
KMQT,46.53390121,-87.56140137
KMQW,32.09579849,-82.87999725
KMQY,36.00899887,-86.52010345
KMRB,39.40190125,-77.98459625
KMRC,35.55410004,-87.17890167
KMRF,30.371099,-104.017997
KMRH,34.73360062,-76.66059875
KMRJ,42.886799,-90.236198
KMRN,35.820202,-81.611397
KMRT,40.22470093,-83.35160065
KMRY,36.5870018,-121.8430023
KMSA,33.12939835,-94.9756012
KMSL,34.74530029,-87.61019897
KMSN,43.13990021,-89.33750153
KMSO,46.91630173,-114.0910034
KMSP,44.882,-93.221802
KMSS,44.93579865,-74.84559631
KMSV,41.701596,-74.794997
KMSY,29.99340057,-90.25800323
KMTC,42.613463,-82.836919
KMTH,24.726101,-81.051399
KMTJ,38.50979996,-107.8939972
KMTN,39.325699,-76.413803
KMTO,39.477901,-88.279198
KMTP,41.0765,-71.920797
KMTV,36.63069916,-80.01830292
KMTW,44.128799,-87.680602
KMUF,35.61999893,-85.19080353
KMUI,40.434799,-76.569397
KMUL,31.13769913,-83.70410156
KMUO,43.043598,-115.872002
KMUT,41.367803,-91.148201
KMUU,40.329182,-77.862478
KMVC,31.458,-87.350996
KMVE,44.969101,-95.710297
KMVI,37.52730179,-106.0479965
KMVL,44.5345993,-72.61399841
KMVM,44.7030983,-67.47859955
KMVN,38.323399,-88.858803
KMVY,41.39310074,-70.61430359
KMWA,37.75500107,-89.01110077
KMWC,43.110401,-88.034401
KMWH,47.20769882,-119.3199997
KMWK,36.45970154,-80.5530014
KMWL,32.781601,-98.060204
KMWM,43.91339874,-95.10939789
KMWO,39.530998,-84.395302
KMXA,35.894402,-90.154602
KMXF,32.3829,-86.365799
KMXO,42.22040176,-91.16329956
KMY,57.02560043,-154.1459961
KMYF,32.8157,-117.139999
KMYJ,39.15750122,-91.81829834
KMYL,44.88970184,-116.1009979
KMYR,33.67969894,-78.92829895
KMYV,39.09780121,-121.5699997
KMYZ,39.8553009,-96.63059998
KMZH,46.41880035,-92.80470276
KMZJ,32.51060104,-111.3280029
KMZZ,40.48989868,-85.67970276
KN03,42.59260178,-76.21489716
KN06,38.542198,-75.594398
KN12,40.06679916,-74.17769623
KN13,40.99779892,-76.43609619
KN14,39.93429947,-74.80729675
KN19,36.83470154,-108.0279999
KN23,42.30260086,-75.41600037
KN24,36.8003006,-105.5979996
KN27,41.74000168,-76.44709778
KN35,40.96670151,-78.93000031
KN37,41.62250137,-74.70130157
KN38,41.72790146,-77.39649963
KN40,40.56629944,-74.97859955
KN47,40.26029968,-75.67079926
KN51,40.58369827,-74.73619843
KN52,34.8638,-80.748001
KN53,41.03580093,-75.16059875
KN57,39.83050156,-75.7696991
KN58,39.55960083,-119.2409973
KN59,38.83940125,-119.3379974
KN66,42.5247,-75.0644
KN68,39.97309875,-77.64330292
KN69,41.577,-73.732399
KN71,40.09220123,-76.57440186
KN73,39.904202,-74.749496
KN79,40.8368988,-76.55249786
KN81,39.66749954,-74.75769806
KN82,41.59719849,-74.45829773
KN87,40.21390152,-74.60179901
KN89,41.72790146,-74.37740326
KN94,40.18790054,-77.17430115
KN96,40.88550186,-77.81629944
KN98,45.20830154,-84.99030304
KNBC,32.47740173,-80.72319794
KNBG,29.82530022,-90.03500366
KNBJ,30.38909912,-87.63529968
KNCA,34.70840073,-77.43969727
KNDY,38.33250046,-77.03720093
KNDZ,30.70439911,-87.02300262
KNEL,40.03329849,-74.353302
KNEN,30.35390091,-81.87190247
KNEW,30.04240036,-90.02829742
KNFD,30.50769997,-87.64550018
KNFE,36.69509888,-76.13549805
KNFG,33.30130005,-117.3550034
KNFJ,30.50690079,-86.95970154
KNFL,39.41659927,-118.7009964
KNFW,32.76919937,-97.4414978
KNGP,27.69260025,-97.29109955
KNGS,30.61079979,-86.94000244
KNGU,36.937599,-76.289299
KNGW,27.70030022,-97.43440247
KNGZ,37.78889847,-122.3199997
KNHK,38.285999,-76.411797
KNHL,30.3461,-87.541702
KNHU,36.94805556,-76.29611111
KNHZ,43.89220047,-69.93859863
KNID,35.6853981,-117.6920013
KNIP,30.2358,-81.680603
KNJK,32.829201,-115.671996
KNJM,34.69039917,-77.02970123
KNJP,40.20029831,-75.06639862
KNJW,32.7961998,-88.83170319
KNKL,30.4253006,-86.89389801
KNKT,34.90090179,-76.88069916
KNKX,32.86840057,-117.1429977
KNLC,36.33300018,-119.9520035
KNLW,41.50388889,-71.32583333
KNMM,32.55210114,-88.55560303
KNOG,27.90110016,-98.05169678
KNOP,40.591,-73.890999
KNOW,48.14149857,-123.4140015
KNPA,30.35269928,-87.31860352
KNPI,30.54305556,-87.36805556
KNQA,35.356701,-89.8703
KNQB,30.56360054,-87.80970001
KNQI,27.50720024,-97.80970001
KNQX,24.57579994,-81.68890381
KNRA,48.18830109,-122.6320038
KNRB,30.39109993,-81.42469788
KNRN,39.85039902,-99.8946991
KNRQ,30.62529945,-87.13999939
KNRS,32.56669998,-117.1169968
KNSE,30.7241993,-87.02189636
KNSI,33.2397995,-119.4580002
KNSX,30.815084,-87.167991
KNTD,34.12030029,-119.1210022
KNTK,33.70669937,-117.8270035
KNTU,36.820702,-76.033501
KNUC,33.02270126,-118.5879974
KNUI,38.14599991,-76.4285965
KNUN,30.46969986,-87.33809662
KNUQ,37.4161,-122.049004
KNUW,48.351799,-122.655998
KNVD,37.85210037,-94.30490112
KNVI,30.6996994,-87.19560242
KNWL,27.63500023,-97.31220245
KNXP,34.2961998,-116.1620026
KNXX,40.199795,-75.148201
KNY0,42.99819946,-74.32959747
KNY2,43.08340073,-76.28299713
KNYG,38.50170135,-77.30529785
KNYL,32.65660095,-114.6060028
KNZJ,33.67610168,-117.7310028
KNZW,42.14860153,-70.93939972
KNZX,30.6807003,-86.8871994
KNZY,32.69919968,-117.2149963
KO02,39.81850052,-120.3529968
KO05,40.28239822,-121.2409973
KO08,39.17900085,-121.9929962
KO09,39.79019928,-123.2659988
KO11,35.757,-94.649902
KO15,37.48740005,-120.6969986
KO16,40.08599854,-123.814003
KO20,38.09159851,-121.3590012
KO22,38.03039932,-120.4150009
KO24,37.95830154,-119.1070023
KO26,36.588299,-118.052002
KO27,37.75630188,-120.8000031
KO28,39.45130157,-123.3720016
KO32,36.66630173,-119.4499969
KO35,34.70840073,-99.90869904
KO37,39.72119904,-122.1470032
KO41,38.673901,-121.872002
KO42,36.3987999,-119.1070023
KO43,39.0041008,-119.1579971
KO46,41.47489929,-122.4530029
KO47,35.4822998,-96.71869659
KO51,36.744498,-99.908699
KO52,39.12369919,-121.6050034
KO53,36.79059982,-97.74900055
KO54,40.74570084,-122.9219971
KO57,38.262402,-119.225998
KO59,41.55270004,-120.1660004
KO60,38.77600098,-122.9929962
KO61,38.683998,-120.987999
KO65,36.112499,-98.308701
KO69,38.25780106,-122.6060028
KO70,38.37680054,-120.7939987
KO79,39.58100128,-120.3539963
KO81,41.88740158,-121.3590012
KO86,40.98320007,-122.6940002
KO88,38.19340134,-121.7040024
KO89,41.01879883,-121.4329987
KOAJ,34.82920074,-77.61209869
KOAK,37.721298,-122.221001
KOAR,36.68190002,-121.762001
KOBE,27.26280022,-80.84980011
KOBI,39.21920013,-74.7947998
KOCF,29.17259979,-82.22419739
KOCH,31.57799911,-94.70950317
KOCQ,44.87419891,-87.9095993
KOCW,35.57049942,-77.04979706
KODO,31.92060089,-102.387001
KODX,41.62419891,-98.95240021
KOEA,38.69139862,-87.55220032
KOEB,41.9333992,-85.05259705
KOEL,39.10990143,-100.8160019
KOEO,45.31000137,-92.69190216
KOFF,41.11830139,-95.91249847
KOFK,41.98550034,-97.43509674
KOFP,37.70899963,-77.43669891
KOGA,41.11949921,-101.7699966
KOGB,33.45679855,-80.85949707
KOGD,41.19589996,-112.012001
KOGM,46.84550095,-89.36710358
KOGS,44.68190002,-75.46549988
KOIC,42.5666008,-75.52410126
KOIL,41.4813,-79.7449
KOIN,39.83390045,-100.5390015
KOJA,35.5448,-98.668503
KOJC,38.84759903,-94.73760223
KOKB,33.21730042,-117.3539963
KOKC,35.39310074,-97.60070038
KOKH,48.25149918,-122.6740036
KOKK,40.52819824,-86.05899811
KOKM,35.66809845,-95.94869995
KOKS,41.401001,-102.355003
KOKV,39.14350128,-78.14440155
KOKZ,32.96670151,-82.83820343
KOLD,44.95280075,-68.67430115
KOLE,42.24119949,-78.37139893
KOLF,48.0945015,-105.5749969
KOLG,46.31480026,-91.81639862
KOLM,46.9693985,-122.9029999
KOLS,31.4177,-110.848
KOLU,41.44800186,-97.34259796
KOLV,34.97869873,-89.78690338
KOLY,38.72180176,-88.17639923
KOLZ,42.68080139,-91.97450256
KOMA,41.3032,-95.894096
KOMH,38.24720001,-78.04560089
KOMK,48.46440125,-119.5179977
KOMN,29.30060005,-81.11360168
KONA,44.07720184,-91.70829773
KONL,42.469898,-98.688103
KONM,34.02249908,-106.9029999
KONO,44.02050018,-117.0139999
KONP,44.580399,-124.057999
KONT,34.05599976,-117.6009979
KONX,36.398899,-76.016296
KONY,33.35089874,-98.81919861
KONZ,42.09909821,-83.16149902
KOOA,41.2262001,-92.49389648
KOPF,25.907,-80.278397
KOPL,30.558399,-92.099403
KOPN,32.95460129,-84.26319885
KOQN,39.990101,-75.581902
KOQU,41.5970993,-71.41210175
KOQW,42.05009842,-90.73880005
KORB,48.01589966,-92.85610199
KORC,42.99029922,-96.06279755
KORD,41.9786,-87.9048
KORE,42.57009888,-72.28859711
KORF,36.89459991,-76.20120239
KORG,30.06920052,-93.80090332
KORH,42.26729965,-71.8757019
KORK,34.83309937,-92.25409698
KORL,28.5455,-81.332901
KORS,48.70819855,-122.9100037
KOSA,33.09550095,-94.96150208
KOSC,44.451599,-83.394096
KOSH,43.9844017,-88.55699921
KOSU,40.0798,-83.072998
KOSX,33.09030151,-89.54199982
KOTG,43.65510178,-95.57920074
KOTH,43.417099,-124.2460022
KOTM,41.10660172,-92.44789886
KOUN,35.2456,-97.472099
KOVE,39.4878006,-121.6220016
KOVK,42.47439957,-79.34719849
KOVL,44.77859879,-95.03279877
KOVO,39.04560089,-85.6053009
KOVS,43.16019821,-90.67549896
KOWA,44.12340164,-93.26059723
KOWB,37.74010086,-87.16680145
KOWD,42.19049835,-71.17289734
KOWI,38.5387001,-95.25299835
KOWK,44.71549988,-69.86650085
KOWP,36.1753006,-96.15180206
KOWX,41.03559875,-83.98200226
KOXB,38.3103981,-75.12400055
KOXC,41.47859955,-73.1352005
KOXD,39.50230026,-84.78440094
KOXI,41.3302002,-86.66470337
KOXR,34.20080185,-119.2070007
KOXV,41.2989006,-93.11380005
KOY,57.16149902,-154.2299957
KOYM,41.41249847,-78.50260162
KOZA,30.73530006,-101.2030029
KOZR,31.27569962,-85.71340179
KOZW,42.62919998,-83.98210144
KP01,32.45009995,-112.8669968
KP03,31.37109947,-109.6900024
KP04,31.36400032,-109.8830032
KP08,32.93590164,-111.427002
KP10,35.79169846,-110.4229965
KP13,33.35309982,-110.6669998
KP14,34.94070053,-110.1380005
KP19,33.298829,-111.915795
KP20,34.1506,-114.271003
KP23,35.334999,-112.887001
KP29,31.6709,-110.023003
KP33,32.24539948,-109.8949966
KP52,34.72999954,-112.0350037
KPAE,47.90629959,-122.2819977
KPAH,37.06079865,-88.77380371
KPAM,30.06959915,-85.57540131
KPAN,34.25680161,-111.3389969
KPAO,37.46110153,-122.1149979
KPB,56.35189819,-133.6230011
KPBF,34.1731,-91.9356
KPBG,44.65090179,-73.4681015
KPBH,45.70899963,-90.40249634
KPBI,26.68320084,-80.09559631
KPBX,37.5617981,-82.56639862
KPCA,32.66278939,-111.4879704
KPCM,28.00020027,-82.16419983
KPCU,30.52249908,-89.70690155
KPCW,41.5163002,-82.86869812
KPCZ,44.33330154,-89.01979828
KPDC,43.01929855,-91.123703
KPDK,33.87559891,-84.30200195
KPDT,45.69509888,-118.8410034
KPDX,45.58869934,-122.5979996
KPEA,41.40010071,-92.94589996
KPEO,42.63710022,-77.05290222
KPEQ,31.38240051,-103.5110016
KPEX,45.37229919,-94.74659729
KPEZ,28.95420074,-98.51999664
KPFN,30.212099,-85.6828
KPGA,36.92610168,-111.447998
KPGD,26.92020035,-81.9905014
KPGR,36.06290054,-90.50779724
KPGV,35.6352005,-77.38529968
KPH,54.459113,-162.693872
KPHD,40.47090149,-81.41970062
KPHF,37.13190079,-76.49299622
KPHG,39.7358017,-99.31710052
KPHH,33.4516983,-79.52619934
KPHK,26.78499985,-80.69339752
KPHL,39.87189865,-75.2410965
KPHN,42.9109993,-82.52890015
KPHP,44.04859924,-101.598999
KPHT,36.33819962,-88.38289642
KPHX,33.43429947,-112.012001
KPIA,40.66419983,-89.69329834
KPIB,31.46710014,-89.33709717
KPIE,27.91020012,-82.68740082
KPIH,42.90980148,-112.5960007
KPIL,26.16620064,-97.34590149
KPIM,32.84069824,-84.88240051
KPIR,44.38270187,-100.2860031
KPIT,40.49150085,-80.23290253
KPJC,40.80160141,-80.16069794
KPJY,37.97790146,-89.36049652
KPKB,39.3451004,-81.43920135
KPKD,46.9006,-95.073095
KPKF,45.95500183,-90.42440033
KPKV,28.65399933,-96.6812973
KPLB,44.6875,-73.52449799
KPLD,40.45080185,-84.99009705
KPLK,36.62590027,-93.22889709
KPLN,45.57089996,-84.79669952
KPLR,33.55879974,-86.24909973
KPLU,47.103901,-122.287003
KPMB,48.94250107,-97.24079895
KPMD,34.62939835,-118.0849991
KPMH,38.84049988,-82.84729767
KPMP,26.24710083,-80.11109924
KPMU,34.36349869,-89.89260101
KPMV,40.95019913,-95.91790009
KPMZ,35.8083992,-76.75930023
KPNA,42.79550171,-109.8069992
KPNC,36.73199844,-97.09980011
KPNE,40.081902,-75.010597
KPNM,45.55989838,-93.60820007
KPNN,45.20069885,-67.56439972
KPNS,30.4734,-87.1866
KPNT,40.92440033,-88.62390137
KPOB,35.17089844,-79.01450348
KPOC,34.09159851,-117.7819977
KPOE,31.0447998,-93.1917038
KPOF,36.77389908,-90.32489777
KPOH,42.74280167,-94.64730072
KPOU,41.62659836,-73.88420105
KPOV,41.21020126,-81.25160217
KPOY,44.86719894,-108.7929993
KPPA,35.61299896,-100.9960022
KPPF,37.32989883,-95.5062027
KPPO,41.57249832,-86.73449707
KPPQ,39.63890076,-90.77839661
KPQI,46.688999,-68.0448
KPQL,30.46279907,-88.52919769
KPQN,43.98329926,-96.3003006
KPR,58.49010086,-152.5820007
KPRB,35.67290115,-120.6269989
KPRC,34.654499,-112.419998
KPRG,39.70019913,-87.66960144
KPRN,31.84569931,-86.61070251
KPRO,41.82799911,-94.15989685
KPRS,29.634212,-104.361493
KPRX,33.63660049,-95.45079803
KPRZ,34.14550018,-103.4100037
KPSB,40.88439941,-78.08730316
KPSC,46.26470184,-119.1190033
KPSF,42.4268,-73.2929
KPSK,37.13729858,-80.67849731
KPSM,43.07789993,-70.82330322
KPSN,31.77969933,-95.70629883
KPSO,37.28630066,-107.0559998
KPSP,33.82970047,-116.5070038
KPSX,28.72750092,-96.25099945
KPTB,37.18379974,-77.50740051
KPTD,44.67670059,-74.9484024
KPTG,36.746101,-83.037201
KPTK,42.66550064,-83.42009735
KPTN,29.70949936,-91.33899689
KPTS,37.44950104,-94.73110199
KPTT,37.70159912,-98.74690247
KPTV,36.02959824,-119.0630035
KPTW,40.239601,-75.556702
KPUB,38.28910065,-104.4970016
KPUC,39.61389923,-110.7509995
KPUJ,33.913306,-84.942083
KPUW,46.7439,-117.110001
KPVB,42.68939972,-90.44439697
KPVC,42.07189941,-70.2213974
KPVD,41.732601,-71.420403
KPVE,35.65639877,-88.19539642
KPVF,38.7242012,-120.7529984
KPVG,36.780201,-76.448799
KPVJ,34.71110153,-97.22319794
KPVU,40.21920013,-111.7229996
KPVW,34.16809845,-101.7170029
KPVZ,41.73360062,-81.21920013
KPWA,35.53419876,-97.64710236
KPWC,46.72480011,-94.38169861
KPWD,48.79029846,-104.5339966
KPWG,31.48489952,-97.3164978
KPWK,42.114222,-87.901494
KPWM,43.646198,-70.309303
KPWT,47.49020004,-122.7649994
KPXE,32.51060104,-83.76730347
KPY,57.93009949,-153.0410004
KPYG,34.74209976,-80.34519958
KPYM,41.909,-70.728798
KPYN,37.12670135,-90.71289825
KPYP,34.089977,-85.610069
KPYX,36.41289902,-100.7519989
KPZQ,45.40710068,-83.81289673
KQA,54.13377044,-165.7788956
KR47,41.10309982,-84.05190277
KR49,48.71820068,-118.6559982
KRAC,42.76060104,-87.81520081
KRAL,33.95190048,-117.4449997
KRAP,44.04529953,-103.0569992
KRAS,27.8118,-97.08879852
KRAW,38.34690094,-93.34539795
KRBD,32.68090057,-96.86820221
KRBE,42.56969833,-99.56839752
KRBG,43.23880005,-123.3560028
KRBL,40.15069962,-122.2519989
KRBM,34.85010147,-92.30020142
KRBO,27.7784996,-97.69049835
KRBW,32.92100143,-80.64060211
KRCA,44.14500046,-103.1039963
KRCK,30.63159943,-96.98970032
KRCM,38.78419876,-93.80290222
KRCP,39.346592,-99.304649
KRCR,41.06560135,-86.18170166
KRCT,43.90000153,-85.51670074
KRCX,45.49679947,-91.00050354
KRCZ,34.8913,-79.759598
KRDD,40.50899887,-122.2929993
KRDG,40.37850189,-75.96520233
KRDK,41.01050186,-95.25990295
KRDM,44.2541008,-121.1500015
KRDR,47.96110153,-97.40119934
KRDU,35.87760162,-78.78749847
KRED,45.18740082,-109.2669983
KREI,34.08530045,-117.1460037
KREO,42.57770157,-117.8850021
KRFD,42.19540024,-89.09719849
KRFG,28.2936,-97.322998
KRFI,32.14170074,-94.85169983
KRGK,44.589401,-92.485001
KRHI,45.63119888,-89.46749878
KRHP,35.195202,-83.862999
KRHV,37.332901,-121.8190002
KRIC,37.50519943,-77.31970215
KRID,39.75719833,-84.84279633
KRIE,45.47859955,-91.72219849
KRIF,38.7364006,-112.098999
KRIL,39.526299,-107.726997
KRIR,33.98970032,-117.4110031
KRIU,38.48680115,-121.1029968
KRIV,33.880699,-117.259003
KRIW,43.06420136,-108.4599991
KRJD,38.9701004,-75.86630249
KRK1,69.676796,-146.900227
KRKD,44.06010056,-69.09919739
KRKP,28.08679962,-97.04460144
KRKR,35.02159882,-94.62129974
KRKS,41.5942,-109.065001
KRKW,35.92229843,-84.68969727
KRLD,46.30559921,-119.3040009
KRME,43.23379898,-75.40699768
KRMG,34.3506012,-85.15799713
KRMN,38.39810181,-77.45549774
KRMY,42.25120163,-84.95549774
KRNC,35.69869995,-85.84380341
KRND,29.52969933,-98.27890015
KRNH,45.14830017,-92.5381012
KRNM,33.0392,-116.915001
KRNO,39.49909973,-119.7679977
KRNP,42.99300003,-84.13890076
KRNT,47.49309921,-122.2160034
KRNV,33.76110077,-90.75789642
KROA,37.3255,-79.975403
KROC,43.1189003,-77.67240143
KROG,36.37229919,-94.10690308
KROS,45.69800186,-92.95300293
KROW,33.301601,-104.530998
KROX,48.85599899,-95.6969986
KRPB,39.81790161,-97.6595993
KRPD,45.418999,-91.773499
KRPH,33.11019897,-98.55529785
KRPJ,41.89300156,-89.07830048
KRPX,46.475095,-108.541497
KRQB,43.72259903,-85.50409698
KRQE,35.65209961,-109.0670013
KRQO,35.47269821,-98.00579834
KRRL,45.19889832,-89.71289825
KRRQ,43.45220184,-96.17980194
KRRT,48.94139862,-95.3483963
KRSL,38.87210083,-98.8117981
KRSN,32.51440048,-92.59169769
KRSP,39.646089,-77.468768
KRST,43.90829849,-92.5
KRSV,39.01599884,-87.64980316
KRSW,26.53619957,-81.75520325
KRTN,36.74150085,-104.5019989
KRUE,35.25910187,-93.09329987
KRUG,48.39039993,-100.0240021
KRUQ,35.645901,-80.520302
KRUT,43.52939987,-72.94960022
KRVJ,32.05899811,-82.15170288
KRVL,40.67739868,-77.62680054
KRVN,36.45759964,-82.88500214
KRVS,36.03960037,-95.98459625
KRWF,44.54719925,-95.08229828
KRWI,35.85630035,-77.89189911
KRWL,41.80559921,-107.1999969
KRWN,41.09230042,-86.61289978
KRWV,30.51549911,-96.70410156
KRXE,43.8339,-111.805002
KRYM,46.09120178,-94.36049652
KRYN,32.14220047,-111.1750031
KRYV,43.16960144,-88.72319794
KRYW,30.49860001,-97.96949768
KRYY,34.01319885,-84.59860229
KRZL,40.94789886,-87.18260193
KRZN,45.8227005,-92.37249756
KRZR,35.2114972,-84.7997694
KRZT,39.44039917,-83.02310181
KRZZ,36.4394989,-77.70929718
KS01,48.16859818,-111.9759979
KS03,42.19029999,-122.6610031
KS05,43.08649826,-124.4079971
KS10,47.86600113,-119.9430008
KS12,44.63779831,-123.0589981
KS17,33.64569855,-81.86710358
KS19,33.90810013,-82.26689911
KS20,45.83209991,-120.8450012
KS21,43.87630081,-121.4530029
KS23,48.70809937,-117.413002
KS24,41.29570007,-83.03720093
KS25,47.79570007,-103.2539978
KS27,48.17860031,-114.3040009
KS32,47.42279816,-98.10590363
KS33,44.67020035,-121.1549988
KS34,47.47240067,-114.9000015
KS36,47.337102,-122.103996
KS39,44.28699875,-120.9039993
KS40,46.21340179,-119.7910004
KS42,36.32699966,-104.6200027
KS45,44.87689972,-124.0289993
KS48,45.35440063,-122.2679977
KS50,47.327702,-122.226997
KS52,48.42490005,-120.1460037
KS59,48.28379822,-115.4899979
KS64,47.147202,-110.230003
KS67,43.58129883,-116.5230026
KS69,46.95439911,-112.6500015
KS70,46.79489899,-119.0790024
KS71,48.59209824,-109.2509995
KS72,47.32770157,-116.5770035
KS73,46.21929932,-116.0130005
KS75,44.09159851,-116.901001
KS78,43.84989929,-116.5429993
KS80,45.9426,-116.123001
KS83,47.54769897,-116.1880035
KS84,46.03879929,-116.3320007
KS85,48.15330124,-104.5039978
KS87,44.20679855,-116.961998
KS94,46.8586998,-117.4140015
KS95,46.0469017,-118.4169998
KS97,48.10490036,-119.7210007
KS98,46.218601,-119.209999
KSAA,41.444901,-106.823997
KSAC,38.51250076,-121.4929962
KSAD,32.85480118,-109.6350021
KSAF,35.61709976,-106.0889969
KSAN,32.73360062,-117.1900024
KSAR,38.14889908,-89.69869995
KSAT,29.533701,-98.469803
KSAV,32.12760162,-81.20210266
KSAW,46.35359955,-87.395401
KSAZ,46.38090134,-94.80660248
KSBA,34.42620087,-119.8399963
KSBD,34.09540176,-117.2350006
KSBM,43.76959991,-87.85140228
KSBN,41.70869827,-86.31729889
KSBO,32.60910034,-82.36990356
KSBP,35.23680115,-120.6419983
KSBS,40.5163002,-106.8659973
KSBU,43.59529877,-94.09279633
KSBX,48.54069901,-111.8710022
KSBY,38.34049988,-75.51029968
KSCB,41.61029816,-96.62989807
KSCD,33.17179871,-86.30549622
KSCH,42.85250092,-73.92890167
KSCK,37.89419937,-121.237999
KSCX,36.45560074,-84.58570099
KSDA,40.75159836,-95.41369629
KSDC,43.234699,-77.121
KSDF,38.1744,-85.736
KSDL,33.6228981,-111.9110031
KSDM,32.57229996,-116.9800034
KSDY,47.706902,-104.193001
KSEA,47.449001,-122.308998
KSEE,32.82619858,-116.9720001
KSEF,27.45639992,-81.3423996
KSEG,40.8205986,-76.86389923
KSEM,32.34389877,-86.9878006
KSEP,32.21530151,-98.17769623
KSEQ,29.56579971,-97.90830231
KSER,38.92359924,-85.90740204
KSET,38.92969894,-90.43000031
KSEZ,34.84859848,-111.788002
KSFB,28.77759933,-81.23750305
KSFF,47.68280029,-117.322998
KSFM,43.39390182,-70.70800018
KSFO,37.61899948,-122.375
KSFQ,36.68239975,-76.60189819
KSFY,42.04579926,-90.10790253
KSFZ,41.92079926,-71.49140167
KSGF,37.24570084,-93.38860321
KSGH,39.84030151,-83.84020233
KSGJ,29.9592,-81.339798
KSGR,29.62229919,-95.65650177
KSGS,44.85710144,-93.03289795
KSGT,34.599499,-91.574997
KSGU,37.036389,-113.510306
KSHD,38.26380157,-78.89640045
KSHL,43.208401,-95.833396
KSHN,47.23360062,-123.1480026
KSHR,44.76919937,-106.9800034
KSHV,32.446602,-93.8256
KSIF,36.43719864,-79.85099792
KSIK,36.89889908,-89.5617981
KSIV,39.11470032,-87.44830322
KSIY,41.78139877,-122.4680023
KSJC,37.362598,-121.929001
KSJN,34.51860046,-109.3789978
KSJT,31.35770035,-100.4960022
KSJX,45.69229889,-85.56659698
KSKA,47.61510086,-117.6559982
KSKF,29.38419914,-98.58110046
KSKI,42.3791008,-94.97969818
KSKX,36.45819855,-105.6719971
KSKY,41.4333992,-82.65229797
KSLB,42.59730148,-95.24069977
KSLC,40.78839874,-111.9779968
KSLE,44.90950012,-123.0029984
KSLG,36.19189835,-94.48999786
KSLH,45.65370178,-84.51930237
KSLI,33.79000092,-118.052002
KSLJ,31.1738,-89.1912
KSLK,44.38529968,-74.20619965
KSLN,38.79100037,-97.65219879
KSLO,38.64289856,-88.96420288
KSLR,33.15980148,-95.62110138
KSMD,41.14339828,-85.15280151
KSME,37.05339813,-84.61589813
KSMF,38.69540024,-121.5910034
KSMN,45.12379837,-113.8809967
KSMO,34.0158,-118.450996
KSMQ,40.62599945,-74.67019653
KSMS,33.99499893,-80.36129761
KSMX,34.89889908,-120.4570007
KSNA,33.67570114,-117.8679962
KSNC,41.38389969,-72.50589752
KSNH,35.17039871,-88.21589661
KSNK,32.69340134,-100.9499969
KSNL,35.35789871,-96.94280243
KSNS,36.66279984,-121.6060028
KSNY,41.10129929,-102.9850006
KSOA,30.58569908,-100.6490021
KSOP,35.23740005,-79.3911972
KSOW,34.26549912,-110.0059967
KSOY,43.13439941,-96.1875
KSPA,34.91569901,-81.95649719
KSPB,45.77099991,-122.8619995
KSPF,44.4803009,-103.7829971
KSPG,27.7651,-82.626999
KSPH,32.98339844,-93.40920258
KSPI,39.84410095,-89.67790222
KSPS,33.9888,-98.491898
KSPW,43.16550064,-95.20279694
KSPX,29.50830078,-95.05139923
KSPZ,39.40299988,-119.2509995
KSQI,41.74280167,-89.67630005
KSQL,37.51190186,-122.25
KSRB,36.05590057,-85.53070068
KSRC,35.21060181,-91.73750305
KSRE,35.27470016,-96.67520142
KSRQ,27.39539909,-82.55439758
KSRR,33.46279907,-105.5350037
KSSC,33.97269821,-80.47059631
KSSF,29.33699989,-98.47109985
KSSI,31.1518,-81.391296
KSSN,42.715209,-76.882098
KSSQ,45.73139954,-91.92070007
KSTC,45.54660034,-94.05989838
KSTE,44.54520035,-89.53029633
KSTF,33.43310165,-88.84860229
KSTJ,39.77190018,-94.90969849
KSTK,40.61529922,-103.2649994
KSTL,38.748697,-90.370003
KSTP,44.93450165,-93.05999756
KSTS,38.50899887,-122.8130035
KSUA,27.18169975,-80.22109985
KSUD,35.78960037,-96.65570068
KSUE,44.84370041,-87.42150116
KSUN,43.50439835,-114.2959976
KSUO,43.2585,-100.85952
KSUS,38.66210175,-90.65200043
KSUT,33.9292984,-78.07499695
KSUU,38.26269913,-121.927002
KSUW,46.68970108,-92.09470367
KSUX,42.402599,-96.384399
KSUZ,34.590599,-92.479401
KSVC,32.63650131,-108.1559982
KSVE,40.3757019,-120.572998
KSVH,35.76530075,-80.9539032
KSVN,32.00999832,-81.14569855
KSWF,41.504101,-74.104797
KSWI,33.62419891,-96.58609772
KSWO,36.16120148,-97.08570099
KSWT,40.86470032,-97.10919952
KSWW,32.4673996,-100.4670029
KSXK,42.9858275,-96.1614
KSXL,38.23160172,-80.8707962
KSYF,39.76110077,-101.7959976
KSYI,35.56010056,-86.44249725
KSYR,43.11119843,-76.10630035
KSYV,31.55850029,-83.89569855
KSZL,38.7303009,-93.54789734
KSZT,48.29949951,-116.5599976
KSZY,35.20289993,-88.49839783
KT00,29.77009964,-94.66239929
KT03,36.09280014,-111.3830032
KT05,26.56279945,-97.43779755
KT12,30.64660072,-93.91490173
KT15,31.34070015,-96.85199738
KT16,33.69419861,-108.848999
KT17,29.27610016,-95.88860321
KT19,27.88360023,-98.60030365
KT20,29.52799988,-97.46140289
KT23,32.71900177,-99.26760101
KT24,31.23349953,-93.98190308
KT27,31.71980095,-106.2369995
KT30,28.82229996,-99.10900116
KT31,33.20849991,-96.74189758
KT35,30.87940025,-96.97109985
KT36,31.14599991,-90.16809845
KT39,33.58229828,-98.61869812
KT41,29.66930008,-95.06420135
KT42,40.2112999,-123.2979965
KT45,35.36169815,-101.3649979
KT50,30.93350029,-99.81700134
KT51,30.0428009,-95.66719818
KT54,29.52440071,-95.77519989
KT55,34.5667,-102.322998
KT59,35.4510994,-100.1999969
KT60,33.17229843,-100.197998
KT65,26.177601,-97.973098
KT67,32.93119812,-97.41169739
KT69,28.03919983,-97.54239655
KT70,29.12599945,-100.4810028
KT74,30.57259941,-97.44319916
KT78,30.07780075,-94.69860077
KT82,30.2432003,-98.90920258
KT85,29.3132,-97.13839722
KT88,32.46839905,-100.9209976
KT90,29.80410004,-94.43099976
KT92,30.73220062,-99.18430328
KT93,36.44079971,-100.1240005
KTAD,37.25939941,-104.3410034
KTAN,41.87440109,-71.01660156
KTAZ,39.53419876,-89.32779694
KTB,55.68799973,-132.5370026
KTBN,37.74160004,-92.14070129
KTBR,32.48270035,-81.73690033
KTCC,35.18280029,-103.6029968
KTCL,33.22060013,-87.61139679
KTCM,47.13769913,-122.4759979
KTCS,33.23690033,-107.2720032
KTCY,37.68899918,-121.4420013
KTDF,36.284901,-78.9842
KTDO,46.47719955,-122.8059998
KTDW,35.16989899,-101.8259964
KTDZ,41.56489944,-83.4822998
KTEB,40.85010147,-74.06079865
KTEL,38.0177002,-86.69090271
KTEW,42.56579971,-84.42320251
KTEX,37.9538002,-107.9079971
KTFP,27.91300011,-97.21150208
KTGC,35.93249893,-88.84889984
KTGI,37.82509995,-75.99780273
KTHA,35.38010025,-86.24639893
KTHM,47.57350159,-115.2809982
KTHP,43.658298,-108.213154
KTHV,39.91699982,-76.8730011
KTIF,41.96220016,-100.5690002
KTIK,35.41469955,-97.38659668
KTIP,40.29359818,-88.14240265
KTIW,47.26789856,-122.5780029
KTIX,28.51479912,-80.79920197
KTKC,44.24909973,-95.6072998
KTKI,33.177898,-96.5905
KTKO,39.80279922,-98.22119904
KTKV,45.469101,-89.805702
KTKX,36.22589874,-90.03659821
KTLH,30.39649963,-84.35030365
KTLR,36.15629959,-119.3259964
KTMA,31.42900085,-83.4885025
KTMB,25.6479,-80.4328
KTME,29.80719948,-95.89790344
KTMK,45.41820145,-123.814003
KTNP,34.13159943,-115.9459991
KTNT,25.86179924,-80.89700317
KTNU,41.67440033,-93.021698
KTNX,37.79880142,-116.7809982
KTOA,33.80339813,-118.3399963
KTOB,44.01800156,-92.83149719
KTOC,34.59379959,-83.29579926
KTOI,31.860399,-86.012101
KTOL,41.58679962,-83.80780029
KTOP,39.06869888,-95.62249756
KTOR,42.0644989,-104.1529999
KTPA,27.97550011,-82.53320313
KTPF,27.91559982,-82.44930267
KTPH,38.06019974,-117.086998
KTPL,31.15250015,-97.40779877
KTQE,41.76350021,-96.17790222
KTQH,35.92890167,-95.00450134
KTQK,38.47430038,-100.8850021
KTRI,36.475201,-82.407401
KTRK,39.31999969,-120.1399994
KTRL,32.70920181,-96.26740265
KTRM,33.62670135,-116.1600037
KTRX,40.08349991,-93.59059906
KTSO,40.56190109,-81.07749939
KTSP,35.13499832,-118.439003
KTTA,35.58369827,-79.10079956
KTTD,45.54940033,-122.401001
KTTF,41.93989944,-83.43470001
KTTN,40.27669907,-74.81349945
KTTS,28.61499977,-80.69450378
KTUL,36.19839859,-95.88809967
KTUP,34.26810074,-88.76989746
KTUS,32.11610031,-110.9410019
KTVB,37.13240051,-92.08399963
KTVC,44.74140167,-85.5821991
KTVF,48.06570053,-96.18499756
KTVI,30.90159988,-83.88130188
KTVK,40.68389893,-92.90100098
KTVL,38.89390182,-119.9950027
KTVR,32.35160065,-91.02770233
KTVY,40.61230087,-112.3509979
KTWF,42.4818,-114.487999
KTWM,47.04919815,-91.74510193
KTWT,37.54079819,-87.95179749
KTXK,33.45370102,-93.99099731
KTYL,34.45280075,-110.1149979
KTYQ,40.030701,-86.251404
KTYR,32.35409927,-95.40239716
KTYS,35.81100082,-83.9940033
KTZR,39.90119934,-83.13690186
KTZT,41.87879944,-92.2845993
KTZV,36.72900009,-85.65239716
KU00,44.67380142,-113.3529968
KU01,42.79729843,-112.8249969
KU02,43.20930099,-112.3499985
KU03,42.59159851,-114.7969971
KU05,46.31940079,-113.3050003
KU06,42.04579926,-110.9660034
KU07,37.54579926,-110.7129974
KU08,36.56800079,-114.4430008
KU09,48.48109818,-108.7689972
KU10,42.10689926,-111.913002
KU12,43.9457016,-111.6839981
KU13,38.25,-112.2249985
KU14,39.73880005,-111.8720016
KU25,43.5483017,-109.6900024
KU30,36.02050018,-114.3349991
KU34,38.96139908,-110.2269974
KU36,42.92100143,-112.8809967
KU42,40.61949921,-111.9929962
KU43,37.937199,-109.347
KU52,38.23070145,-112.6750031
KU55,37.84519958,-112.3919983
KU56,43.64440155,-111.9290009
KU58,42.42630005,-112.1090012
KU62,43.90409851,-113.6009979
KU63,44.41550064,-115.3170013
KU68,44.9117012,-108.4459991
KU69,40.19189835,-110.3809967
KU70,44.49380112,-116.0159988
KU76,43.13130188,-115.7300034
KU77,40.145027,-111.667694
KU78,42.64160156,-111.5800018
KU79,45.373253,-115.198157
KU81,45.29159927,-114.9499969
KU82,44.74990082,-116.4469986
KU89,42.9457016,-115.3300018
KU96,37.44219971,-110.5699997
KUAO,45.24710083,-122.7699966
KUBE,45.50600052,-91.98110199
KUBS,33.4654007,-88.38030243
KUBX,38.06880188,-91.42890167
KUCA,43.14509964,-75.3839035
KUCP,41.02529907,-80.41339874
KUCY,36.38180161,-88.98539734
KUDD,33.74840164,-116.2750015
KUDG,34.449401,-79.890098
KUES,43.04100037,-88.23709869
KUGN,42.42219925,-87.86789703
KUIL,47.93659973,-124.5630035
KUIN,39.94269943,-91.19460297
KUIZ,42.66389847,-82.9654007
KUKF,36.22280121,-81.09829712
KUKI,39.12599945,-123.2009964
KUKL,38.30250168,-95.72499847
KUKT,40.43519974,-75.38189697
KULM,44.31959915,-94.50229645
KULS,37.60400009,-101.3740005
KUMP,39.93519974,-86.04499817
KUNI,39.21099854,-82.23139954
KUNO,36.8783989,-91.90270233
KUNU,43.42660141,-88.70320129
KUNV,40.84930038,-77.84870148
KUOS,35.20510101,-85.89810181
KUOX,34.38430023,-89.53679657
KUSE,41.61009979,-84.12719727
KUTA,34.68099976,-90.34670258
KUTS,30.74690056,-95.58719635
KUUU,41.53239822,-71.28150177
KUUV,38.23350143,-91.16429901
KUVA,29.2112999,-99.74359894
KUWL,39.8759,-85.3265
KUXL,30.13139915,-93.37609863
KUYF,39.93270111,-83.46199799
KUZA,34.9878006,-81.05719757
KVAD,30.96780014,-83.19300079
KVAY,39.94290161,-74.84570313
KVBG,34.73730087,-120.5839996
KVBT,36.34569931,-94.21929932
KVCB,38.37680054,-121.961998
KVCT,28.8526001,-96.91850281
KVCV,34.59749985,-117.3830032
KVDF,28.01399994,-82.34529877
KVDI,32.19269943,-82.37120056
KVEL,40.4408989,-109.5100021
KVER,38.94670105,-92.68270111
KVES,40.20439911,-84.5318985
KVGC,42.84379959,-75.56140137
KVGT,36.21070099,-115.1940002
KVHN,31.05780029,-104.7839966
KVIH,38.12739944,-91.76950073
KVIQ,44.55810165,-90.5121994
KVIS,36.31869888,-119.3929977
KVJI,36.68709946,-82.03330231
KVKS,32.23929977,-90.92839813
KVLA,38.99150085,-89.16619873
KVLD,30.78249931,-83.27670288
KVLL,42.54290009,-83.17790222
KVMR,42.76530075,-96.93430328
KVNC,27.07159996,-82.44029999
KVNW,40.86470032,-84.60939789
KVNY,34.20980072,-118.4899979
KVOK,43.93899918,-90.25340271
KVPC,34.12310028,-84.84870148
KVPS,30.4832,-86.525398
KVPZ,41.45399857,-87.00710297
KVQQ,30.21870041,-81.87670136
KVRB,27.6556,-80.417901
KVSF,43.34360123,-72.51730347
KVTA,40.02470016,-82.46179962
KVTI,42.21860123,-92.02590179
KVTN,42.85779953,-100.5479965
KVUJ,35.41669846,-80.15080261
KVUO,45.620499,-122.655998
KVVS,39.95920181,-79.65709686
KVVV,45.30569839,-96.42440033
KVWU,48.15409851,-94.51689911
KVYS,41.351898,-89.153099
KW01,48.72486833,-119.4656347
KW03,35.770401,-77.96980286
KW05,39.84090042,-77.27420044
KW22,39.00049973,-80.2736969
KW28,48.09809875,-123.1869965
KW31,36.96020126,-78.18499756
KW32,38.74829865,-76.93280029
KW35,39.69260025,-78.16609955
KW38,36.79499817,-84.19950104
KW40,35.22219849,-78.03780365
KW41,38.01760101,-75.82779694
KW43,44.66289902,-104.5680008
KW45,38.667099,-78.500603
KW63,36.59579849,-78.56009674
KW78,36.70999908,-78.84799957
KW81,37.18099976,-78.09829712
KW90,37.27180099,-79.33589935
KW91,37.10770035,-79.59249878
KW94,37.30559921,-76.63749695
KW95,35.1012001,-75.96600342
KW96,37.5032,-77.125501
KW99,38.99489975,-79.14589691
KWAL,37.94020081,-75.46640015
KWAY,39.90010071,-80.13310242
KWBW,41.29719925,-75.85119629
KWDG,36.37919998,-97.79109955
KWDR,33.98289871,-83.66739655
KWF,55.29629898,-133.2429962
KWHP,34.25930023,-118.413002
KWJF,34.74110031,-118.2190018
KWK,59.8367,-163.139999
KWLD,37.16859818,-97.03759766
KWLW,39.51639938,-122.2180023
KWMC,40.89659882,-117.8059998
KWP,57.77009964,-153.548996
KWRB,32.64009857,-83.59190369
KWRI,40.0155983,-74.59169769
KWRL,43.96569824,-107.9509964
KWSD,32.34149933,-106.4029999
KWST,41.34960175,-71.80339813
KWVI,36.93569946,-121.7900009
KWVL,44.53319931,-69.67549896
KWWD,39.00849915,-74.90830231
KWWR,36.438,-99.5226667
KWYS,44.68840027,-111.1179962
KX04,28.7071991,-81.58170319
KX05,28.33029938,-82.49649811
KX06,27.19199944,-81.83730316
KX07,27.89380074,-81.62039948
KX10,26.70089912,-80.66230011
KX13,29.84219933,-84.7009964
KX14,26.74419975,-81.43260193
KX21,28.62229919,-80.83570099
KX26,27.81259918,-80.49590302
KX35,29.0618,-82.37660217
KX39,28.22130013,-82.37449646
KX40,28.808599,-82.316498
KX43,36.029202,-101.829002
KX49,27.9333992,-82.04399872
KX50,28.97890091,-80.92510223
KX51,25.499201,-80.554296
KX54,34.654202,-102.692
KX58,27.03639984,-80.44010162
KX59,27.96199989,-80.55979919
KX60,29.35420036,-82.47290039
KXA,55.53739929,-132.397995
KXBP,33.1753006,-97.82839966
KXFL,29.4674,-81.206299
KXLL,40.57030106,-75.48829651
KXMR,28.46759987,-80.56659698
KXNA,36.281898,-94.306801
KXNI,35.060675,-108.9376
KXNO,33.609355,-81.08328
KXSA,37.85960007,-76.89409637
KXTA,37.23500061,-115.810997
KXVG,46.9902,-94.204002
KY03,42.88000107,-97.90119934
KY14,43.45750046,-96.80200195
KY19,46.76819992,-100.8939972
KY23,45.30619812,-91.63619995
KY27,46.06639862,-100.6350021
KY31,44.244801,-84.179802
KY37,48.39400101,-97.78079987
KY43,41.44029999,-94.7696991
KY47,42.50310135,-83.623703
KY50,44.04159927,-89.30449677
KY51,43.57939911,-90.9131012
KY55,45.51660156,-88.93340302
KY65,45.406239,-84.599115
KY70,42.93799973,-85.0605011
KY72,43.97499847,-90.48349762
KY74,47.93640137,-102.1419983
KY8,37.953196,-86.857158
KY83,43.45420074,-82.84940338
KY89,44.72520065,-85.20310211
KY93,45,-84.13330078
KY94,45.13010025,-85.1065979
KY95,45.08330154,-83.94029999
KYIP,42.23789978,-83.53040314
KYKM,46.56819916,-120.5439987
KYKN,42.91669846,-97.3859024
KYL,25.09334,-80.42992
KYNG,41.26070023,-80.67910004
KZ01,30.63369942,-86.74269867
KZ10,47.02170181,-122.4459991
KZ12,42.9378,-87.9003
KZ15,34.7315,-92.2391
KZ19,38.7174,-77.180402
KZ23,43.42194444,-88.13333333
KZ24,36.84833333,-76.31388889
KZ26,35.79138889,-120.7427778
KZ27,32.8366,-118.381601
KZ32,32.3441,-80.6733
KZ98,42.81719971,-85.92810059
KZB,57.553001,-153.746052
KZEF,36.27999878,-80.78610229
KZER,40.70650101,-76.37310028
KZPH,28.22820091,-82.15589905
KZUN,35.08319855,-108.7919998
KZZV,39.94440079,-81.89209747